X,CH1,CH2,CH3,CH4,Start,Increment,
Sequence,Volt,Volt,Volt,Volt,-3.000000e-07,5.000000e-10
0,3.28e+00,9.60e-01,-1.60e-01,0.00e+00,
1,3.28e+00,9.60e-01,-1.60e-01,0.00e+00,
2,3.20e+00,9.60e-01,-8.00e-02,0.00e+00,
3,3.20e+00,9.60e-01,-8.00e-02,0.00e+00,
4,3.20e+00,1.12e+00,0.00e+00,0.00e+00,
5,3.20e+00,1.12e+00,0.00e+00,0.00e+00,
6,3.20e+00,1.04e+00,8.00e-02,0.00e+00,
7,3.20e+00,1.04e+00,8.00e-02,0.00e+00,
8,3.20e+00,1.04e+00,8.00e-02,0.00e+00,
9,3.20e+00,1.04e+00,8.00e-02,0.00e+00,
10,3.04e+00,1.04e+00,8.00e-02,0.00e+00,
11,3.04e+00,1.04e+00,8.00e-02,0.00e+00,
12,3.04e+00,1.12e+00,-8.00e-02,0.00e+00,
13,3.04e+00,1.12e+00,-8.00e-02,0.00e+00,
14,3.12e+00,1.12e+00,-8.00e-02,0.00e+00,
15,3.12e+00,1.12e+00,-8.00e-02,0.00e+00,
16,2.96e+00,1.12e+00,-8.00e-02,0.00e+00,
17,2.96e+00,1.12e+00,-8.00e-02,0.00e+00,
18,2.88e+00,1.04e+00,0.00e+00,0.00e+00,
19,2.88e+00,1.04e+00,0.00e+00,0.00e+00,
20,2.88e+00,9.60e-01,0.00e+00,0.00e+00,
21,2.88e+00,9.60e-01,0.00e+00,0.00e+00,
22,2.80e+00,1.04e+00,0.00e+00,0.00e+00,
23,2.80e+00,1.04e+00,0.00e+00,0.00e+00,
24,2.72e+00,1.04e+00,0.00e+00,0.00e+00,
25,2.72e+00,1.04e+00,0.00e+00,0.00e+00,
26,2.56e+00,1.04e+00,-8.00e-02,0.00e+00,
27,2.56e+00,1.04e+00,-8.00e-02,0.00e+00,
28,2.56e+00,1.04e+00,-8.00e-02,0.00e+00,
29,2.56e+00,1.04e+00,-8.00e-02,0.00e+00,
30,2.56e+00,1.04e+00,0.00e+00,0.00e+00,
31,2.56e+00,1.04e+00,0.00e+00,0.00e+00,
32,2.48e+00,9.60e-01,2.40e-01,0.00e+00,
33,2.48e+00,9.60e-01,2.40e-01,0.00e+00,
34,2.48e+00,1.04e+00,4.80e-01,0.00e+00,
35,2.48e+00,1.04e+00,4.80e-01,0.00e+00,
36,2.40e+00,9.60e-01,9.60e-01,0.00e+00,
37,2.40e+00,9.60e-01,9.60e-01,0.00e+00,
38,2.40e+00,9.60e-01,1.52e+00,0.00e+00,
39,2.40e+00,9.60e-01,1.52e+00,0.00e+00,
40,2.24e+00,9.60e-01,2.08e+00,4.00e-01,
41,2.24e+00,9.60e-01,2.08e+00,4.00e-01,
42,2.16e+00,1.04e+00,2.56e+00,6.00e-01,
43,2.16e+00,1.04e+00,2.56e+00,6.00e-01,
44,2.24e+00,1.04e+00,2.88e+00,8.00e-01,
45,2.24e+00,1.04e+00,2.88e+00,8.00e-01,
46,2.16e+00,1.12e+00,3.20e+00,1.20e+00,
47,2.16e+00,1.12e+00,3.20e+00,1.20e+00,
48,2.24e+00,1.04e+00,3.52e+00,1.80e+00,
49,2.24e+00,1.04e+00,3.52e+00,1.80e+00,
50,2.24e+00,9.60e-01,3.60e+00,2.00e+00,
51,2.24e+00,9.60e-01,3.60e+00,2.00e+00,
52,2.16e+00,9.60e-01,3.60e+00,2.40e+00,
53,2.16e+00,9.60e-01,3.60e+00,2.40e+00,
54,2.24e+00,9.60e-01,3.60e+00,2.80e+00,
55,2.24e+00,9.60e-01,3.60e+00,2.80e+00,
56,2.16e+00,9.60e-01,3.60e+00,3.00e+00,
57,2.16e+00,9.60e-01,3.60e+00,3.00e+00,
58,2.24e+00,9.60e-01,3.52e+00,3.00e+00,
59,2.24e+00,9.60e-01,3.52e+00,3.00e+00,
60,2.16e+00,1.04e+00,3.44e+00,3.00e+00,
61,2.16e+00,1.04e+00,3.44e+00,3.00e+00,
62,2.16e+00,1.04e+00,3.36e+00,3.00e+00,
63,2.16e+00,1.04e+00,3.36e+00,3.00e+00,
64,2.16e+00,1.12e+00,3.44e+00,3.00e+00,
65,2.16e+00,1.12e+00,3.44e+00,3.00e+00,
66,2.16e+00,1.12e+00,3.44e+00,3.20e+00,
67,2.16e+00,1.12e+00,3.44e+00,3.20e+00,
68,2.16e+00,1.04e+00,3.44e+00,3.20e+00,
69,2.16e+00,1.04e+00,3.44e+00,3.20e+00,
70,2.16e+00,1.12e+00,3.52e+00,3.00e+00,
71,2.16e+00,1.12e+00,3.52e+00,3.00e+00,
72,2.24e+00,1.04e+00,3.52e+00,3.00e+00,
73,2.24e+00,1.04e+00,3.52e+00,3.00e+00,
74,2.24e+00,1.04e+00,3.44e+00,3.00e+00,
75,2.24e+00,1.04e+00,3.44e+00,3.00e+00,
76,2.16e+00,1.04e+00,3.44e+00,2.80e+00,
77,2.16e+00,1.04e+00,3.44e+00,2.80e+00,
78,2.24e+00,1.12e+00,3.36e+00,2.60e+00,
79,2.24e+00,1.12e+00,3.36e+00,2.60e+00,
80,2.16e+00,1.12e+00,3.28e+00,3.00e+00,
81,2.16e+00,1.12e+00,3.28e+00,3.00e+00,
82,2.16e+00,1.04e+00,3.04e+00,3.00e+00,
83,2.16e+00,1.04e+00,3.04e+00,3.00e+00,
84,2.32e+00,1.04e+00,2.72e+00,3.00e+00,
85,2.32e+00,1.04e+00,2.72e+00,3.00e+00,
86,2.32e+00,1.12e+00,2.24e+00,3.00e+00,
87,2.32e+00,1.12e+00,2.24e+00,3.00e+00,
88,2.32e+00,1.04e+00,1.60e+00,3.00e+00,
89,2.32e+00,1.04e+00,1.60e+00,3.00e+00,
90,2.32e+00,1.12e+00,9.60e-01,3.00e+00,
91,2.32e+00,1.12e+00,9.60e-01,3.00e+00,
92,2.40e+00,1.12e+00,4.00e-01,3.00e+00,
93,2.40e+00,1.12e+00,4.00e-01,3.00e+00,
94,2.40e+00,1.12e+00,-8.00e-02,2.80e+00,
95,2.40e+00,1.12e+00,-8.00e-02,2.80e+00,
96,2.40e+00,1.04e+00,-3.20e-01,2.80e+00,
97,2.40e+00,1.04e+00,-3.20e-01,2.80e+00,
98,2.32e+00,1.12e+00,-4.00e-01,3.00e+00,
99,2.32e+00,1.12e+00,-4.00e-01,3.00e+00,
100,2.48e+00,1.04e+00,-3.20e-01,3.20e+00,
101,2.48e+00,1.04e+00,-3.20e-01,3.20e+00,
102,2.48e+00,1.04e+00,-2.40e-01,3.00e+00,
103,2.48e+00,1.04e+00,-2.40e-01,3.00e+00,
104,2.48e+00,1.12e+00,-8.00e-02,3.40e+00,
105,2.48e+00,1.12e+00,-8.00e-02,3.40e+00,
106,2.48e+00,1.04e+00,-8.00e-02,3.20e+00,
107,2.48e+00,1.04e+00,-8.00e-02,3.20e+00,
108,2.56e+00,1.12e+00,-1.60e-01,3.40e+00,
109,2.56e+00,1.12e+00,-1.60e-01,3.40e+00,
110,2.56e+00,1.12e+00,-1.60e-01,3.00e+00,
111,2.56e+00,1.12e+00,-1.60e-01,3.00e+00,
112,2.56e+00,1.04e+00,-1.60e-01,3.00e+00,
113,2.56e+00,1.04e+00,-1.60e-01,3.00e+00,
114,2.48e+00,1.12e+00,-8.00e-02,3.00e+00,
115,2.48e+00,1.12e+00,-8.00e-02,3.00e+00,
116,2.56e+00,1.04e+00,0.00e+00,3.00e+00,
117,2.56e+00,1.04e+00,0.00e+00,3.00e+00,
118,2.56e+00,1.04e+00,0.00e+00,3.00e+00,
119,2.56e+00,1.04e+00,0.00e+00,3.00e+00,
120,2.56e+00,1.04e+00,0.00e+00,3.40e+00,
121,2.56e+00,1.04e+00,0.00e+00,3.40e+00,
122,2.64e+00,1.12e+00,0.00e+00,3.40e+00,
123,2.64e+00,1.12e+00,0.00e+00,3.40e+00,
124,2.80e+00,1.04e+00,-8.00e-02,3.40e+00,
125,2.80e+00,1.04e+00,-8.00e-02,3.40e+00,
126,2.80e+00,1.04e+00,-8.00e-02,3.40e+00,
127,2.80e+00,1.04e+00,-8.00e-02,3.40e+00,
128,2.80e+00,1.04e+00,-8.00e-02,3.40e+00,
129,2.80e+00,1.04e+00,-8.00e-02,3.40e+00,
130,2.72e+00,1.12e+00,0.00e+00,3.40e+00,
131,2.72e+00,1.12e+00,0.00e+00,3.40e+00,
132,2.72e+00,1.04e+00,0.00e+00,3.40e+00,
133,2.72e+00,1.04e+00,0.00e+00,3.40e+00,
134,2.72e+00,1.12e+00,0.00e+00,3.00e+00,
135,2.72e+00,1.12e+00,0.00e+00,3.00e+00,
136,2.72e+00,1.12e+00,0.00e+00,3.00e+00,
137,2.72e+00,1.12e+00,0.00e+00,3.00e+00,
138,2.88e+00,1.04e+00,-8.00e-02,3.00e+00,
139,2.88e+00,1.04e+00,-8.00e-02,3.00e+00,
140,2.88e+00,1.04e+00,-8.00e-02,3.00e+00,
141,2.88e+00,1.04e+00,-8.00e-02,3.00e+00,
142,2.96e+00,1.12e+00,8.00e-02,3.00e+00,
143,2.96e+00,1.12e+00,8.00e-02,3.00e+00,
144,2.96e+00,1.12e+00,2.40e-01,3.00e+00,
145,2.96e+00,1.12e+00,2.40e-01,3.00e+00,
146,2.96e+00,1.04e+00,5.60e-01,3.00e+00,
147,2.96e+00,1.04e+00,5.60e-01,3.00e+00,
148,2.96e+00,1.12e+00,8.80e-01,3.00e+00,
149,2.96e+00,1.12e+00,8.80e-01,3.00e+00,
150,2.96e+00,1.04e+00,1.36e+00,3.00e+00,
151,2.96e+00,1.04e+00,1.36e+00,3.00e+00,
152,2.96e+00,1.04e+00,1.84e+00,3.00e+00,
153,2.96e+00,1.04e+00,1.84e+00,3.00e+00,
154,2.96e+00,1.12e+00,2.32e+00,3.00e+00,
155,2.96e+00,1.12e+00,2.32e+00,3.00e+00,
156,3.12e+00,1.04e+00,2.80e+00,3.20e+00,
157,3.12e+00,1.04e+00,2.80e+00,3.20e+00,
158,3.04e+00,1.12e+00,3.04e+00,3.00e+00,
159,3.04e+00,1.12e+00,3.04e+00,3.00e+00,
160,3.04e+00,1.04e+00,3.36e+00,3.00e+00,
161,3.04e+00,1.04e+00,3.36e+00,3.00e+00,
162,3.04e+00,1.04e+00,3.44e+00,2.60e+00,
163,3.04e+00,1.04e+00,3.44e+00,2.60e+00,
164,3.12e+00,1.12e+00,3.60e+00,2.00e+00,
165,3.12e+00,1.12e+00,3.60e+00,2.00e+00,
166,3.04e+00,1.04e+00,3.44e+00,1.60e+00,
167,3.04e+00,1.04e+00,3.44e+00,1.60e+00,
168,3.04e+00,1.04e+00,3.36e+00,1.00e+00,
169,3.04e+00,1.04e+00,3.36e+00,1.00e+00,
170,3.12e+00,1.04e+00,3.28e+00,2.00e-01,
171,3.12e+00,1.04e+00,3.28e+00,2.00e-01,
172,3.20e+00,1.12e+00,3.28e+00,-2.00e-01,
173,3.20e+00,1.12e+00,3.28e+00,-2.00e-01,
174,3.20e+00,1.12e+00,3.20e+00,-8.00e-01,
175,3.20e+00,1.12e+00,3.20e+00,-8.00e-01,
176,3.12e+00,1.04e+00,3.20e+00,-1.00e+00,
177,3.12e+00,1.04e+00,3.20e+00,-1.00e+00,
178,3.20e+00,1.04e+00,3.28e+00,-1.00e+00,
179,3.20e+00,1.04e+00,3.28e+00,-1.00e+00,
180,3.28e+00,1.04e+00,3.36e+00,-6.00e-01,
181,3.28e+00,1.04e+00,3.36e+00,-6.00e-01,
182,3.20e+00,1.04e+00,3.36e+00,-6.00e-01,
183,3.20e+00,1.04e+00,3.36e+00,-6.00e-01,
184,3.20e+00,1.12e+00,3.44e+00,-4.00e-01,
185,3.20e+00,1.12e+00,3.44e+00,-4.00e-01,
186,3.28e+00,1.12e+00,3.44e+00,0.00e+00,
187,3.28e+00,1.12e+00,3.44e+00,0.00e+00,
188,3.36e+00,1.12e+00,3.44e+00,0.00e+00,
189,3.36e+00,1.12e+00,3.44e+00,0.00e+00,
190,3.36e+00,1.04e+00,3.36e+00,0.00e+00,
191,3.36e+00,1.04e+00,3.36e+00,0.00e+00,
192,3.36e+00,1.12e+00,3.36e+00,4.00e-01,
193,3.36e+00,1.12e+00,3.36e+00,4.00e-01,
194,3.36e+00,1.04e+00,3.20e+00,2.00e-01,
195,3.36e+00,1.04e+00,3.20e+00,2.00e-01,
196,3.36e+00,9.60e-01,2.88e+00,4.00e-01,
197,3.36e+00,9.60e-01,2.88e+00,4.00e-01,
198,3.36e+00,1.04e+00,2.40e+00,0.00e+00,
199,3.36e+00,1.04e+00,2.40e+00,0.00e+00,
200,3.36e+00,1.04e+00,1.84e+00,0.00e+00,
201,3.36e+00,1.04e+00,1.84e+00,0.00e+00,
202,3.36e+00,1.04e+00,1.12e+00,0.00e+00,
203,3.36e+00,1.04e+00,1.12e+00,0.00e+00,
204,3.44e+00,1.12e+00,5.60e-01,-4.00e-01,
205,3.44e+00,1.12e+00,5.60e-01,-4.00e-01,
206,3.44e+00,1.12e+00,1.60e-01,-2.00e-01,
207,3.44e+00,1.12e+00,1.60e-01,-2.00e-01,
208,3.44e+00,1.04e+00,-1.60e-01,-4.00e-01,
209,3.44e+00,1.04e+00,-1.60e-01,-4.00e-01,
210,3.52e+00,1.04e+00,-1.60e-01,0.00e+00,
211,3.52e+00,1.04e+00,-1.60e-01,0.00e+00,
212,3.60e+00,1.04e+00,-1.60e-01,0.00e+00,
213,3.60e+00,1.04e+00,-1.60e-01,0.00e+00,
214,3.52e+00,1.04e+00,-1.60e-01,0.00e+00,
215,3.52e+00,1.04e+00,-1.60e-01,0.00e+00,
216,3.52e+00,1.12e+00,-1.60e-01,0.00e+00,
217,3.52e+00,1.12e+00,-1.60e-01,0.00e+00,
218,3.52e+00,1.04e+00,-1.60e-01,0.00e+00,
219,3.52e+00,1.04e+00,-1.60e-01,0.00e+00,
220,3.60e+00,1.12e+00,-3.20e-01,0.00e+00,
221,3.60e+00,1.12e+00,-3.20e-01,0.00e+00,
222,3.68e+00,1.12e+00,-2.40e-01,0.00e+00,
223,3.68e+00,1.12e+00,-2.40e-01,0.00e+00,
224,3.60e+00,1.12e+00,-1.60e-01,0.00e+00,
225,3.60e+00,1.12e+00,-1.60e-01,0.00e+00,
226,3.60e+00,1.04e+00,-8.00e-02,2.00e-01,
227,3.60e+00,1.04e+00,-8.00e-02,2.00e-01,
228,3.68e+00,1.04e+00,0.00e+00,4.00e-01,
229,3.68e+00,1.04e+00,0.00e+00,4.00e-01,
230,3.76e+00,1.12e+00,8.00e-02,0.00e+00,
231,3.76e+00,1.12e+00,8.00e-02,0.00e+00,
232,3.76e+00,1.04e+00,8.00e-02,0.00e+00,
233,3.76e+00,1.04e+00,8.00e-02,0.00e+00,
234,3.84e+00,1.12e+00,0.00e+00,2.00e-01,
235,3.84e+00,1.12e+00,0.00e+00,2.00e-01,
236,3.84e+00,1.04e+00,-8.00e-02,-2.00e-01,
237,3.84e+00,1.04e+00,-8.00e-02,-2.00e-01,
238,3.92e+00,1.12e+00,-1.60e-01,-2.00e-01,
239,3.92e+00,1.12e+00,-1.60e-01,-2.00e-01,
240,3.92e+00,1.12e+00,-1.60e-01,0.00e+00,
241,3.92e+00,1.12e+00,-1.60e-01,0.00e+00,
242,3.92e+00,1.12e+00,-1.60e-01,0.00e+00,
243,3.92e+00,1.12e+00,-1.60e-01,0.00e+00,
244,3.92e+00,1.04e+00,-8.00e-02,0.00e+00,
245,3.92e+00,1.04e+00,-8.00e-02,0.00e+00,
246,3.92e+00,1.04e+00,0.00e+00,0.00e+00,
247,3.92e+00,1.04e+00,0.00e+00,0.00e+00,
248,4.00e+00,1.12e+00,8.00e-02,0.00e+00,
249,4.00e+00,1.12e+00,8.00e-02,0.00e+00,
250,3.92e+00,1.12e+00,0.00e+00,0.00e+00,
251,3.92e+00,1.12e+00,0.00e+00,0.00e+00,
252,4.08e+00,1.12e+00,0.00e+00,0.00e+00,
253,4.08e+00,1.12e+00,0.00e+00,0.00e+00,
254,4.00e+00,1.04e+00,0.00e+00,-2.00e-01,
255,4.00e+00,1.04e+00,0.00e+00,-2.00e-01,
256,4.08e+00,1.12e+00,8.00e-02,-2.00e-01,
257,4.08e+00,1.12e+00,8.00e-02,-2.00e-01,
258,4.08e+00,1.12e+00,3.20e-01,0.00e+00,
259,4.08e+00,1.12e+00,3.20e-01,0.00e+00,
260,4.08e+00,1.12e+00,6.40e-01,2.00e-01,
261,4.08e+00,1.12e+00,6.40e-01,2.00e-01,
262,4.08e+00,1.04e+00,1.04e+00,0.00e+00,
263,4.08e+00,1.04e+00,1.04e+00,0.00e+00,
264,4.08e+00,1.12e+00,1.60e+00,2.00e-01,
265,4.08e+00,1.12e+00,1.60e+00,2.00e-01,
266,4.00e+00,1.12e+00,2.16e+00,4.00e-01,
267,4.00e+00,1.12e+00,2.16e+00,4.00e-01,
268,4.08e+00,1.12e+00,2.72e+00,0.00e+00,
269,4.08e+00,1.12e+00,2.72e+00,0.00e+00,
270,4.08e+00,1.04e+00,3.12e+00,0.00e+00,
271,4.08e+00,1.04e+00,3.12e+00,0.00e+00,
272,4.00e+00,1.04e+00,3.44e+00,2.00e-01,
273,4.00e+00,1.04e+00,3.44e+00,2.00e-01,
274,4.08e+00,1.12e+00,3.52e+00,0.00e+00,
275,4.08e+00,1.12e+00,3.52e+00,0.00e+00,
276,4.00e+00,1.12e+00,3.60e+00,0.00e+00,
277,4.00e+00,1.12e+00,3.60e+00,0.00e+00,
278,4.00e+00,1.04e+00,3.52e+00,0.00e+00,
279,4.00e+00,1.04e+00,3.52e+00,0.00e+00,
280,4.00e+00,1.04e+00,3.44e+00,0.00e+00,
281,4.00e+00,1.04e+00,3.44e+00,0.00e+00,
282,4.00e+00,1.12e+00,3.44e+00,4.00e-01,
283,4.00e+00,1.12e+00,3.44e+00,4.00e-01,
284,4.00e+00,1.20e+00,3.44e+00,4.00e-01,
285,4.00e+00,1.20e+00,3.44e+00,4.00e-01,
286,4.00e+00,1.20e+00,3.44e+00,6.00e-01,
287,4.00e+00,1.20e+00,3.44e+00,6.00e-01,
288,4.00e+00,1.20e+00,3.52e+00,1.20e+00,
289,4.00e+00,1.20e+00,3.52e+00,1.20e+00,
290,4.00e+00,1.20e+00,3.52e+00,1.40e+00,
291,4.00e+00,1.20e+00,3.52e+00,1.40e+00,
292,4.00e+00,1.20e+00,3.52e+00,1.80e+00,
293,4.00e+00,1.20e+00,3.52e+00,1.80e+00,
294,4.00e+00,1.20e+00,3.52e+00,2.00e+00,
295,4.00e+00,1.20e+00,3.52e+00,2.00e+00,
296,4.00e+00,1.20e+00,3.52e+00,2.40e+00,
297,4.00e+00,1.20e+00,3.52e+00,2.40e+00,
298,3.92e+00,1.20e+00,3.44e+00,2.40e+00,
299,3.92e+00,1.20e+00,3.44e+00,2.40e+00,
300,3.92e+00,1.20e+00,3.44e+00,2.60e+00,
301,3.92e+00,1.20e+00,3.44e+00,2.60e+00,
302,3.92e+00,1.20e+00,3.52e+00,2.60e+00,
303,3.92e+00,1.20e+00,3.52e+00,2.60e+00,
304,3.92e+00,1.20e+00,3.52e+00,3.00e+00,
305,3.92e+00,1.20e+00,3.52e+00,3.00e+00,
306,3.84e+00,1.12e+00,3.52e+00,3.20e+00,
307,3.84e+00,1.12e+00,3.52e+00,3.20e+00,
308,3.92e+00,1.12e+00,3.20e+00,3.40e+00,
309,3.92e+00,1.12e+00,3.20e+00,3.40e+00,
310,3.92e+00,1.12e+00,2.80e+00,3.20e+00,
311,3.92e+00,1.12e+00,2.80e+00,3.20e+00,
312,3.92e+00,1.12e+00,2.16e+00,3.20e+00,
313,3.92e+00,1.12e+00,2.16e+00,3.20e+00,
314,3.92e+00,1.12e+00,1.52e+00,3.00e+00,
315,3.92e+00,1.12e+00,1.52e+00,3.00e+00,
316,3.92e+00,1.20e+00,8.80e-01,3.00e+00,
317,3.92e+00,1.20e+00,8.80e-01,3.00e+00,
318,3.92e+00,1.20e+00,3.20e-01,2.80e+00,
319,3.92e+00,1.20e+00,3.20e-01,2.80e+00,
320,3.84e+00,1.20e+00,0.00e+00,2.60e+00,
321,3.84e+00,1.20e+00,0.00e+00,2.60e+00,
322,3.84e+00,1.04e+00,-1.60e-01,2.80e+00,
323,3.84e+00,1.04e+00,-1.60e-01,2.80e+00,
324,3.84e+00,1.12e+00,-1.60e-01,3.00e+00,
325,3.84e+00,1.12e+00,-1.60e-01,3.00e+00,
326,3.84e+00,1.04e+00,-1.60e-01,3.00e+00,
327,3.84e+00,1.04e+00,-1.60e-01,3.00e+00,
328,3.84e+00,1.12e+00,-1.60e-01,3.40e+00,
329,3.84e+00,1.12e+00,-1.60e-01,3.40e+00,
330,3.84e+00,1.04e+00,-1.60e-01,3.20e+00,
331,3.84e+00,1.04e+00,-1.60e-01,3.20e+00,
332,4.00e+00,1.12e+00,-2.40e-01,3.40e+00,
333,4.00e+00,1.12e+00,-2.40e-01,3.40e+00,
334,3.92e+00,1.12e+00,-2.40e-01,3.00e+00,
335,3.92e+00,1.12e+00,-2.40e-01,3.00e+00,
336,3.84e+00,1.20e+00,-1.60e-01,3.00e+00,
337,3.84e+00,1.20e+00,-1.60e-01,3.00e+00,
338,3.76e+00,1.04e+00,-8.00e-02,3.00e+00,
339,3.76e+00,1.04e+00,-8.00e-02,3.00e+00,
340,3.76e+00,1.04e+00,0.00e+00,3.00e+00,
341,3.76e+00,1.04e+00,0.00e+00,3.00e+00,
342,3.76e+00,1.12e+00,8.00e-02,3.00e+00,
343,3.76e+00,1.12e+00,8.00e-02,3.00e+00,
344,3.76e+00,1.12e+00,8.00e-02,3.40e+00,
345,3.76e+00,1.12e+00,8.00e-02,3.40e+00,
346,3.84e+00,1.04e+00,8.00e-02,3.40e+00,
347,3.84e+00,1.04e+00,8.00e-02,3.40e+00,
348,3.84e+00,1.20e+00,0.00e+00,3.40e+00,
349,3.84e+00,1.20e+00,0.00e+00,3.40e+00,
350,4.00e+00,1.20e+00,-8.00e-02,3.40e+00,
351,4.00e+00,1.20e+00,-8.00e-02,3.40e+00,
352,3.92e+00,1.20e+00,-1.60e-01,3.40e+00,
353,3.92e+00,1.20e+00,-1.60e-01,3.40e+00,
354,3.84e+00,1.12e+00,-1.60e-01,3.40e+00,
355,3.84e+00,1.12e+00,-1.60e-01,3.40e+00,
356,3.76e+00,1.04e+00,-1.60e-01,3.40e+00,
357,3.76e+00,1.04e+00,-1.60e-01,3.40e+00,
358,3.76e+00,1.12e+00,-8.00e-02,3.00e+00,
359,3.76e+00,1.12e+00,-8.00e-02,3.00e+00,
360,3.68e+00,1.04e+00,0.00e+00,3.20e+00,
361,3.68e+00,1.04e+00,0.00e+00,3.20e+00,
362,3.68e+00,1.04e+00,0.00e+00,3.20e+00,
363,3.68e+00,1.04e+00,0.00e+00,3.20e+00,
364,3.68e+00,1.04e+00,8.00e-02,3.00e+00,
365,3.68e+00,1.04e+00,8.00e-02,3.00e+00,
366,3.84e+00,1.04e+00,1.60e-01,3.00e+00,
367,3.84e+00,1.04e+00,1.60e-01,3.00e+00,
368,3.84e+00,1.12e+00,1.60e-01,3.40e+00,
369,3.84e+00,1.12e+00,1.60e-01,3.40e+00,
370,3.84e+00,1.12e+00,2.40e-01,3.20e+00,
371,3.84e+00,1.12e+00,2.40e-01,3.20e+00,
372,3.68e+00,1.12e+00,4.80e-01,3.20e+00,
373,3.68e+00,1.12e+00,4.80e-01,3.20e+00,
374,3.76e+00,1.04e+00,8.80e-01,3.40e+00,
375,3.76e+00,1.04e+00,8.80e-01,3.40e+00,
376,3.76e+00,1.04e+00,1.36e+00,3.20e+00,
377,3.76e+00,1.04e+00,1.36e+00,3.20e+00,
378,3.60e+00,1.12e+00,2.00e+00,3.40e+00,
379,3.60e+00,1.12e+00,2.00e+00,3.40e+00,
380,3.76e+00,1.04e+00,2.48e+00,3.40e+00,
381,3.76e+00,1.04e+00,2.48e+00,3.40e+00,
382,3.76e+00,1.12e+00,2.88e+00,3.20e+00,
383,3.76e+00,1.12e+00,2.88e+00,3.20e+00,
384,3.68e+00,1.12e+00,3.28e+00,3.20e+00,
385,3.68e+00,1.12e+00,3.28e+00,3.20e+00,
386,3.76e+00,1.12e+00,3.44e+00,3.20e+00,
387,3.76e+00,1.12e+00,3.44e+00,3.20e+00,
388,3.76e+00,1.12e+00,3.52e+00,3.20e+00,
389,3.76e+00,1.12e+00,3.52e+00,3.20e+00,
390,3.76e+00,1.12e+00,3.52e+00,3.00e+00,
391,3.76e+00,1.12e+00,3.52e+00,3.00e+00,
392,3.76e+00,1.12e+00,3.44e+00,3.00e+00,
393,3.76e+00,1.12e+00,3.44e+00,3.00e+00,
394,3.68e+00,1.04e+00,3.36e+00,3.00e+00,
395,3.68e+00,1.04e+00,3.36e+00,3.00e+00,
396,3.76e+00,1.12e+00,3.36e+00,3.00e+00,
397,3.76e+00,1.12e+00,3.36e+00,3.00e+00,
398,3.76e+00,1.04e+00,3.36e+00,3.00e+00,
399,3.76e+00,1.04e+00,3.36e+00,3.00e+00,
400,3.68e+00,1.12e+00,3.52e+00,3.40e+00,
401,3.68e+00,1.12e+00,3.52e+00,3.40e+00,
402,3.76e+00,1.04e+00,3.52e+00,3.00e+00,
403,3.76e+00,1.04e+00,3.52e+00,3.00e+00,
404,3.76e+00,1.04e+00,3.44e+00,3.00e+00,
405,3.76e+00,1.04e+00,3.44e+00,3.00e+00,
406,3.76e+00,1.12e+00,3.36e+00,2.40e+00,
407,3.76e+00,1.12e+00,3.36e+00,2.40e+00,
408,3.76e+00,1.12e+00,3.28e+00,1.80e+00,
409,3.76e+00,1.12e+00,3.28e+00,1.80e+00,
410,3.60e+00,1.04e+00,3.28e+00,1.20e+00,
411,3.60e+00,1.04e+00,3.28e+00,1.20e+00,
412,3.60e+00,9.60e-01,3.20e+00,2.00e-01,
413,3.60e+00,9.60e-01,3.20e+00,2.00e-01,
414,3.60e+00,9.60e-01,3.20e+00,-2.00e-01,
415,3.60e+00,9.60e-01,3.20e+00,-2.00e-01,
416,3.60e+00,1.04e+00,3.20e+00,-6.00e-01,
417,3.60e+00,1.04e+00,3.20e+00,-6.00e-01,
418,3.52e+00,8.80e-01,3.20e+00,-6.00e-01,
419,3.52e+00,8.80e-01,3.20e+00,-6.00e-01,
420,3.68e+00,9.60e-01,3.12e+00,-6.00e-01,
421,3.68e+00,9.60e-01,3.12e+00,-6.00e-01,
422,3.60e+00,9.60e-01,2.72e+00,-6.00e-01,
423,3.60e+00,9.60e-01,2.72e+00,-6.00e-01,
424,3.68e+00,1.04e+00,2.16e+00,-4.00e-01,
425,3.68e+00,1.04e+00,2.16e+00,-4.00e-01,
426,3.68e+00,1.12e+00,1.60e+00,-2.00e-01,
427,3.68e+00,1.12e+00,1.60e+00,-2.00e-01,
428,3.68e+00,1.20e+00,1.04e+00,-2.00e-01,
429,3.68e+00,1.20e+00,1.04e+00,-2.00e-01,
430,3.60e+00,1.20e+00,4.80e-01,-4.00e-01,
431,3.60e+00,1.20e+00,4.80e-01,-4.00e-01,
432,3.60e+00,1.20e+00,8.00e-02,0.00e+00,
433,3.60e+00,1.20e+00,8.00e-02,0.00e+00,
434,3.60e+00,1.12e+00,-1.60e-01,0.00e+00,
435,3.60e+00,1.12e+00,-1.60e-01,0.00e+00,
436,3.44e+00,9.60e-01,-1.60e-01,0.00e+00,
437,3.44e+00,9.60e-01,-1.60e-01,0.00e+00,
438,3.44e+00,9.60e-01,-2.40e-01,0.00e+00,
439,3.44e+00,9.60e-01,-2.40e-01,0.00e+00,
440,3.44e+00,9.60e-01,-1.60e-01,0.00e+00,
441,3.44e+00,9.60e-01,-1.60e-01,0.00e+00,
442,3.44e+00,1.04e+00,-3.20e-01,0.00e+00,
443,3.44e+00,1.04e+00,-3.20e-01,0.00e+00,
444,3.44e+00,1.12e+00,-3.20e-01,0.00e+00,
445,3.44e+00,1.12e+00,-3.20e-01,0.00e+00,
446,3.44e+00,1.12e+00,-3.20e-01,0.00e+00,
447,3.44e+00,1.12e+00,-3.20e-01,0.00e+00,
448,3.36e+00,1.12e+00,-2.40e-01,0.00e+00,
449,3.36e+00,1.12e+00,-2.40e-01,0.00e+00,
450,3.28e+00,1.12e+00,-1.60e-01,0.00e+00,
451,3.28e+00,1.12e+00,-1.60e-01,0.00e+00,
452,3.28e+00,9.60e-01,0.00e+00,0.00e+00,
453,3.28e+00,9.60e-01,0.00e+00,0.00e+00,
454,3.28e+00,9.60e-01,8.00e-02,0.00e+00,
455,3.28e+00,9.60e-01,8.00e-02,0.00e+00,
456,3.28e+00,9.60e-01,8.00e-02,0.00e+00,
457,3.28e+00,9.60e-01,8.00e-02,0.00e+00,
458,3.20e+00,1.04e+00,0.00e+00,0.00e+00,
459,3.20e+00,1.04e+00,0.00e+00,0.00e+00,
460,3.12e+00,1.04e+00,-8.00e-02,-2.00e-01,
461,3.12e+00,1.04e+00,-8.00e-02,-2.00e-01,
462,3.20e+00,1.04e+00,-2.40e-01,-2.00e-01,
463,3.20e+00,1.04e+00,-2.40e-01,-2.00e-01,
464,3.12e+00,1.04e+00,-2.40e-01,-2.00e-01,
465,3.12e+00,1.04e+00,-2.40e-01,-2.00e-01,
466,2.96e+00,1.12e+00,-2.40e-01,0.00e+00,
467,2.96e+00,1.12e+00,-2.40e-01,0.00e+00,
468,2.96e+00,1.04e+00,-8.00e-02,0.00e+00,
469,2.96e+00,1.04e+00,-8.00e-02,0.00e+00,
470,2.88e+00,9.60e-01,0.00e+00,0.00e+00,
471,2.88e+00,9.60e-01,0.00e+00,0.00e+00,
472,2.80e+00,9.60e-01,8.00e-02,4.00e-01,
473,2.80e+00,9.60e-01,8.00e-02,4.00e-01,
474,2.80e+00,8.80e-01,8.00e-02,4.00e-01,
475,2.80e+00,8.80e-01,8.00e-02,4.00e-01,
476,2.64e+00,9.60e-01,8.00e-02,0.00e+00,
477,2.64e+00,9.60e-01,8.00e-02,0.00e+00,
478,2.64e+00,1.04e+00,0.00e+00,0.00e+00,
479,2.64e+00,1.04e+00,0.00e+00,0.00e+00,
480,2.56e+00,1.04e+00,0.00e+00,0.00e+00,
481,2.56e+00,1.04e+00,0.00e+00,0.00e+00,
482,2.56e+00,1.12e+00,0.00e+00,0.00e+00,
483,2.56e+00,1.12e+00,0.00e+00,0.00e+00,
484,2.48e+00,1.04e+00,1.60e-01,2.00e-01,
485,2.48e+00,1.04e+00,1.60e-01,2.00e-01,
486,2.48e+00,1.04e+00,5.60e-01,2.00e-01,
487,2.48e+00,1.04e+00,5.60e-01,2.00e-01,
488,2.48e+00,1.12e+00,1.04e+00,2.00e-01,
489,2.48e+00,1.12e+00,1.04e+00,2.00e-01,
490,2.40e+00,1.04e+00,1.76e+00,2.00e-01,
491,2.40e+00,1.04e+00,1.76e+00,2.00e-01,
492,2.40e+00,9.60e-01,2.32e+00,0.00e+00,
493,2.40e+00,9.60e-01,2.32e+00,0.00e+00,
494,2.32e+00,1.04e+00,2.80e+00,0.00e+00,
495,2.32e+00,1.04e+00,2.80e+00,0.00e+00,
496,2.24e+00,9.60e-01,3.20e+00,0.00e+00,
497,2.24e+00,9.60e-01,3.20e+00,0.00e+00,
498,2.24e+00,9.60e-01,3.36e+00,0.00e+00,
499,2.24e+00,9.60e-01,3.36e+00,0.00e+00,
500,2.16e+00,1.12e+00,3.52e+00,0.00e+00,
501,2.16e+00,1.12e+00,3.52e+00,0.00e+00,
502,2.16e+00,1.04e+00,3.44e+00,0.00e+00,
503,2.16e+00,1.04e+00,3.44e+00,0.00e+00,
504,2.16e+00,1.12e+00,3.44e+00,0.00e+00,
505,2.16e+00,1.12e+00,3.44e+00,0.00e+00,
506,2.08e+00,1.04e+00,3.36e+00,0.00e+00,
507,2.08e+00,1.04e+00,3.36e+00,0.00e+00,
508,2.16e+00,1.04e+00,3.36e+00,0.00e+00,
509,2.16e+00,1.04e+00,3.36e+00,0.00e+00,
510,2.24e+00,1.12e+00,3.36e+00,0.00e+00,
511,2.24e+00,1.12e+00,3.36e+00,0.00e+00,
512,2.16e+00,1.12e+00,3.44e+00,2.00e-01,
513,2.16e+00,1.12e+00,3.44e+00,2.00e-01,
514,2.16e+00,1.04e+00,3.44e+00,2.00e-01,
515,2.16e+00,1.04e+00,3.44e+00,2.00e-01,
516,2.16e+00,1.04e+00,3.52e+00,4.00e-01,
517,2.16e+00,1.04e+00,3.52e+00,4.00e-01,
518,2.16e+00,1.04e+00,3.36e+00,0.00e+00,
519,2.16e+00,1.04e+00,3.36e+00,0.00e+00,
520,2.24e+00,1.12e+00,3.36e+00,0.00e+00,
521,2.24e+00,1.12e+00,3.36e+00,0.00e+00,
522,2.16e+00,1.04e+00,3.28e+00,-2.00e-01,
523,2.16e+00,1.04e+00,3.28e+00,-2.00e-01,
524,2.16e+00,1.04e+00,3.36e+00,-4.00e-01,
525,2.16e+00,1.04e+00,3.36e+00,-4.00e-01,
526,2.16e+00,1.12e+00,3.36e+00,-2.00e-01,
527,2.16e+00,1.12e+00,3.36e+00,-2.00e-01,
528,2.16e+00,1.04e+00,3.44e+00,0.00e+00,
529,2.16e+00,1.04e+00,3.44e+00,0.00e+00,
530,2.16e+00,9.60e-01,3.44e+00,0.00e+00,
531,2.16e+00,9.60e-01,3.44e+00,0.00e+00,
532,2.32e+00,1.04e+00,3.28e+00,4.00e-01,
533,2.32e+00,1.04e+00,3.28e+00,4.00e-01,
534,2.32e+00,1.04e+00,2.88e+00,4.00e-01,
535,2.32e+00,1.04e+00,2.88e+00,4.00e-01,
536,2.24e+00,9.60e-01,2.32e+00,2.00e-01,
537,2.24e+00,9.60e-01,2.32e+00,2.00e-01,
538,2.32e+00,1.04e+00,1.68e+00,2.00e-01,
539,2.32e+00,1.04e+00,1.68e+00,2.00e-01,
540,2.24e+00,1.04e+00,1.04e+00,0.00e+00,
541,2.24e+00,1.04e+00,1.04e+00,0.00e+00,
542,2.24e+00,1.04e+00,4.00e-01,-4.00e-01,
543,2.24e+00,1.04e+00,4.00e-01,-4.00e-01,
544,2.32e+00,1.12e+00,0.00e+00,-2.00e-01,
545,2.32e+00,1.12e+00,0.00e+00,-2.00e-01,
546,2.24e+00,9.60e-01,-1.60e-01,-2.00e-01,
547,2.24e+00,9.60e-01,-1.60e-01,-2.00e-01,
548,2.32e+00,9.60e-01,-1.60e-01,-4.00e-01,
549,2.32e+00,9.60e-01,-1.60e-01,-4.00e-01,
550,2.40e+00,1.04e+00,-1.60e-01,0.00e+00,
551,2.40e+00,1.04e+00,-1.60e-01,0.00e+00,
552,2.48e+00,1.04e+00,-1.60e-01,6.00e-01,
553,2.48e+00,1.04e+00,-1.60e-01,6.00e-01,
554,2.48e+00,1.04e+00,-1.60e-01,1.00e+00,
555,2.48e+00,1.04e+00,-1.60e-01,1.00e+00,
556,2.56e+00,1.04e+00,-2.40e-01,1.40e+00,
557,2.56e+00,1.04e+00,-2.40e-01,1.40e+00,
558,2.56e+00,1.12e+00,-3.20e-01,1.80e+00,
559,2.56e+00,1.12e+00,-3.20e-01,1.80e+00,
560,2.56e+00,1.04e+00,-1.60e-01,2.20e+00,
561,2.56e+00,1.04e+00,-1.60e-01,2.20e+00,
562,2.48e+00,1.12e+00,-8.00e-02,2.40e+00,
563,2.48e+00,1.12e+00,-8.00e-02,2.40e+00,
564,2.48e+00,9.60e-01,0.00e+00,2.60e+00,
565,2.48e+00,9.60e-01,0.00e+00,2.60e+00,
566,2.48e+00,9.60e-01,8.00e-02,2.80e+00,
567,2.48e+00,9.60e-01,8.00e-02,2.80e+00,
568,2.48e+00,9.60e-01,2.40e-01,3.00e+00,
569,2.48e+00,9.60e-01,2.40e-01,3.00e+00,
570,2.56e+00,9.60e-01,8.00e-02,3.00e+00,
571,2.56e+00,9.60e-01,8.00e-02,3.00e+00,
572,2.64e+00,1.04e+00,0.00e+00,3.20e+00,
573,2.64e+00,1.04e+00,0.00e+00,3.20e+00,
574,2.80e+00,1.12e+00,-8.00e-02,3.00e+00,
575,2.80e+00,1.12e+00,-8.00e-02,3.00e+00,
576,2.80e+00,1.12e+00,-1.60e-01,3.00e+00,
577,2.80e+00,1.12e+00,-1.60e-01,3.00e+00,
578,2.64e+00,1.12e+00,-2.40e-01,3.00e+00,
579,2.64e+00,1.12e+00,-2.40e-01,3.00e+00,
580,2.64e+00,1.12e+00,-2.40e-01,3.00e+00,
581,2.64e+00,1.12e+00,-2.40e-01,3.00e+00,
582,2.64e+00,1.12e+00,-1.60e-01,3.00e+00,
583,2.64e+00,1.12e+00,-1.60e-01,3.00e+00,
584,2.72e+00,1.12e+00,0.00e+00,3.00e+00,
585,2.72e+00,1.12e+00,0.00e+00,3.00e+00,
586,2.64e+00,1.12e+00,8.00e-02,3.00e+00,
587,2.64e+00,1.12e+00,8.00e-02,3.00e+00,
588,2.80e+00,1.12e+00,8.00e-02,3.00e+00,
589,2.80e+00,1.12e+00,8.00e-02,3.00e+00,
590,2.88e+00,1.12e+00,8.00e-02,3.00e+00,
591,2.88e+00,1.12e+00,8.00e-02,3.00e+00,
592,2.80e+00,1.12e+00,8.00e-02,3.00e+00,
593,2.80e+00,1.12e+00,8.00e-02,3.00e+00,
594,2.88e+00,1.04e+00,1.60e-01,3.00e+00,
595,2.88e+00,1.04e+00,1.60e-01,3.00e+00,
596,2.96e+00,1.04e+00,3.20e-01,3.00e+00,
597,2.96e+00,1.04e+00,3.20e-01,3.00e+00,
598,2.96e+00,1.04e+00,5.60e-01,3.00e+00,
599,2.96e+00,1.04e+00,5.60e-01,3.00e+00,
600,2.96e+00,1.04e+00,1.04e+00,3.20e+00,
601,2.96e+00,1.04e+00,1.04e+00,3.20e+00,
602,2.96e+00,1.04e+00,1.60e+00,3.20e+00,
603,2.96e+00,1.04e+00,1.60e+00,3.20e+00,
604,3.04e+00,1.12e+00,2.16e+00,3.20e+00,
605,3.04e+00,1.12e+00,2.16e+00,3.20e+00,
606,3.04e+00,1.04e+00,2.72e+00,3.20e+00,
607,3.04e+00,1.04e+00,2.72e+00,3.20e+00,
608,3.04e+00,1.12e+00,3.12e+00,3.40e+00,
609,3.04e+00,1.12e+00,3.12e+00,3.40e+00,
610,3.04e+00,1.04e+00,3.36e+00,3.20e+00,
611,3.04e+00,1.04e+00,3.36e+00,3.20e+00,
612,3.04e+00,1.12e+00,3.52e+00,3.20e+00,
613,3.04e+00,1.12e+00,3.52e+00,3.20e+00,
614,3.04e+00,1.04e+00,3.52e+00,3.00e+00,
615,3.04e+00,1.04e+00,3.52e+00,3.00e+00,
616,3.04e+00,1.04e+00,3.44e+00,3.00e+00,
617,3.04e+00,1.04e+00,3.44e+00,3.00e+00,
618,3.04e+00,1.12e+00,3.44e+00,3.00e+00,
619,3.04e+00,1.12e+00,3.44e+00,3.00e+00,
620,3.04e+00,1.04e+00,3.52e+00,3.00e+00,
621,3.04e+00,1.04e+00,3.52e+00,3.00e+00,
622,3.12e+00,1.12e+00,3.52e+00,3.00e+00,
623,3.12e+00,1.12e+00,3.52e+00,3.00e+00,
624,3.12e+00,1.12e+00,3.44e+00,3.20e+00,
625,3.12e+00,1.12e+00,3.44e+00,3.20e+00,
626,3.20e+00,1.12e+00,3.44e+00,3.20e+00,
627,3.20e+00,1.12e+00,3.44e+00,3.20e+00,
628,3.28e+00,1.12e+00,3.44e+00,3.40e+00,
629,3.28e+00,1.12e+00,3.44e+00,3.40e+00,
630,3.28e+00,1.04e+00,3.36e+00,3.40e+00,
631,3.28e+00,1.04e+00,3.36e+00,3.40e+00,
632,3.28e+00,1.04e+00,3.28e+00,3.20e+00,
633,3.28e+00,1.04e+00,3.28e+00,3.20e+00,
634,3.28e+00,1.04e+00,3.28e+00,3.20e+00,
635,3.28e+00,1.04e+00,3.28e+00,3.20e+00,
636,3.28e+00,1.12e+00,3.28e+00,3.20e+00,
637,3.28e+00,1.12e+00,3.28e+00,3.20e+00,
638,3.28e+00,1.04e+00,3.36e+00,3.00e+00,
639,3.28e+00,1.04e+00,3.36e+00,3.00e+00,
640,3.28e+00,1.12e+00,3.52e+00,3.00e+00,
641,3.28e+00,1.12e+00,3.52e+00,3.00e+00,
642,3.28e+00,1.04e+00,3.60e+00,3.20e+00,
643,3.28e+00,1.04e+00,3.60e+00,3.20e+00,
644,3.28e+00,1.12e+00,3.44e+00,3.40e+00,
645,3.28e+00,1.12e+00,3.44e+00,3.40e+00,
646,3.36e+00,1.12e+00,3.20e+00,3.20e+00,
647,3.36e+00,1.12e+00,3.20e+00,3.20e+00,
648,3.36e+00,1.12e+00,2.72e+00,3.40e+00,
649,3.36e+00,1.12e+00,2.72e+00,3.40e+00,
650,3.28e+00,1.20e+00,2.16e+00,3.40e+00,
651,3.28e+00,1.20e+00,2.16e+00,3.40e+00,
652,3.44e+00,1.20e+00,1.52e+00,3.20e+00,
653,3.44e+00,1.20e+00,1.52e+00,3.20e+00,
654,3.44e+00,1.20e+00,8.00e-01,3.00e+00,
655,3.44e+00,1.20e+00,8.00e-01,3.00e+00,
656,3.44e+00,1.20e+00,3.20e-01,3.00e+00,
657,3.44e+00,1.20e+00,3.20e-01,3.00e+00,
658,3.36e+00,1.12e+00,0.00e+00,2.80e+00,
659,3.36e+00,1.12e+00,0.00e+00,2.80e+00,
660,3.44e+00,1.04e+00,-2.40e-01,2.60e+00,
661,3.44e+00,1.04e+00,-2.40e-01,2.60e+00,
662,3.44e+00,1.12e+00,-2.40e-01,2.80e+00,
663,3.44e+00,1.12e+00,-2.40e-01,2.80e+00,
664,3.44e+00,1.04e+00,-2.40e-01,3.00e+00,
665,3.44e+00,1.04e+00,-2.40e-01,3.00e+00,
666,3.52e+00,1.20e+00,-4.00e-01,3.00e+00,
667,3.52e+00,1.20e+00,-4.00e-01,3.00e+00,
668,3.52e+00,1.20e+00,-2.40e-01,3.00e+00,
669,3.52e+00,1.20e+00,-2.40e-01,3.00e+00,
670,3.68e+00,1.12e+00,-2.40e-01,2.80e+00,
671,3.68e+00,1.12e+00,-2.40e-01,2.80e+00,
672,3.60e+00,1.20e+00,-1.60e-01,2.40e+00,
673,3.60e+00,1.20e+00,-1.60e-01,2.40e+00,
674,3.68e+00,1.12e+00,-8.00e-02,1.80e+00,
675,3.68e+00,1.12e+00,-8.00e-02,1.80e+00,
676,3.60e+00,9.60e-01,8.00e-02,1.20e+00,
677,3.60e+00,9.60e-01,8.00e-02,1.20e+00,
678,3.68e+00,1.04e+00,1.60e-01,4.00e-01,
679,3.68e+00,1.04e+00,1.60e-01,4.00e-01,
680,3.68e+00,1.04e+00,8.00e-02,-4.00e-01,
681,3.68e+00,1.04e+00,8.00e-02,-4.00e-01,
682,3.68e+00,1.04e+00,0.00e+00,-1.00e+00,
683,3.68e+00,1.04e+00,0.00e+00,-1.00e+00,
684,3.76e+00,1.04e+00,-1.60e-01,-1.20e+00,
685,3.76e+00,1.04e+00,-1.60e-01,-1.20e+00,
686,3.84e+00,1.04e+00,-1.60e-01,-1.20e+00,
687,3.84e+00,1.04e+00,-1.60e-01,-1.20e+00,
688,3.84e+00,1.12e+00,-3.20e-01,-8.00e-01,
689,3.84e+00,1.12e+00,-3.20e-01,-8.00e-01,
690,3.84e+00,1.04e+00,-3.20e-01,-6.00e-01,
691,3.84e+00,1.04e+00,-3.20e-01,-6.00e-01,
692,4.00e+00,1.04e+00,-2.40e-01,-4.00e-01,
693,4.00e+00,1.04e+00,-2.40e-01,-4.00e-01,
694,3.92e+00,1.04e+00,-8.00e-02,0.00e+00,
695,3.92e+00,1.04e+00,-8.00e-02,0.00e+00,
696,3.92e+00,1.12e+00,0.00e+00,4.00e-01,
697,3.92e+00,1.12e+00,0.00e+00,4.00e-01,
698,3.92e+00,1.12e+00,1.60e-01,2.00e-01,
699,3.92e+00,1.12e+00,1.60e-01,2.00e-01,
700,4.00e+00,1.12e+00,1.60e-01,4.00e-01,
701,4.00e+00,1.12e+00,1.60e-01,4.00e-01,
702,3.92e+00,1.04e+00,0.00e+00,0.00e+00,
703,3.92e+00,1.04e+00,0.00e+00,0.00e+00,
704,3.92e+00,1.04e+00,-8.00e-02,0.00e+00,
705,3.92e+00,1.04e+00,-8.00e-02,0.00e+00,
706,3.92e+00,1.04e+00,-8.00e-02,2.00e-01,
707,3.92e+00,1.04e+00,-8.00e-02,2.00e-01,
708,4.00e+00,1.12e+00,0.00e+00,2.00e-01,
709,4.00e+00,1.12e+00,0.00e+00,2.00e-01,
710,3.92e+00,1.12e+00,3.20e-01,2.00e-01,
711,3.92e+00,1.12e+00,3.20e-01,2.00e-01,
712,3.92e+00,1.12e+00,8.00e-01,0.00e+00,
713,3.92e+00,1.12e+00,8.00e-01,0.00e+00,
714,3.92e+00,1.12e+00,1.36e+00,0.00e+00,
715,3.92e+00,1.12e+00,1.36e+00,0.00e+00,
716,4.08e+00,1.12e+00,1.92e+00,0.00e+00,
717,4.08e+00,1.12e+00,1.92e+00,0.00e+00,
718,4.00e+00,1.12e+00,2.56e+00,0.00e+00,
719,4.00e+00,1.12e+00,2.56e+00,0.00e+00,
720,4.00e+00,1.12e+00,2.96e+00,0.00e+00,
721,4.00e+00,1.12e+00,2.96e+00,0.00e+00,
722,4.00e+00,1.12e+00,3.20e+00,0.00e+00,
723,4.00e+00,1.12e+00,3.20e+00,0.00e+00,
724,4.08e+00,1.12e+00,3.44e+00,0.00e+00,
725,4.08e+00,1.12e+00,3.44e+00,0.00e+00,
726,4.08e+00,1.12e+00,3.36e+00,0.00e+00,
727,4.08e+00,1.12e+00,3.36e+00,0.00e+00,
728,4.00e+00,1.12e+00,3.44e+00,0.00e+00,
729,4.00e+00,1.12e+00,3.44e+00,0.00e+00,
730,4.08e+00,1.04e+00,3.36e+00,0.00e+00,
731,4.08e+00,1.04e+00,3.36e+00,0.00e+00,
732,4.00e+00,1.04e+00,3.44e+00,0.00e+00,
733,4.00e+00,1.04e+00,3.44e+00,0.00e+00,
734,4.08e+00,1.04e+00,3.44e+00,0.00e+00,
735,4.08e+00,1.04e+00,3.44e+00,0.00e+00,
736,4.00e+00,1.04e+00,3.44e+00,0.00e+00,
737,4.00e+00,1.04e+00,3.44e+00,0.00e+00,
738,4.08e+00,1.04e+00,3.44e+00,4.00e-01,
739,4.08e+00,1.04e+00,3.44e+00,4.00e-01,
740,4.08e+00,1.04e+00,3.44e+00,4.00e-01,
741,4.08e+00,1.04e+00,3.44e+00,4.00e-01,
742,4.08e+00,1.12e+00,3.36e+00,0.00e+00,
743,4.08e+00,1.12e+00,3.36e+00,0.00e+00,
744,4.00e+00,1.12e+00,3.36e+00,0.00e+00,
745,4.00e+00,1.12e+00,3.36e+00,0.00e+00,
746,3.92e+00,1.12e+00,3.28e+00,0.00e+00,
747,3.92e+00,1.12e+00,3.28e+00,0.00e+00,
748,3.92e+00,1.04e+00,3.28e+00,0.00e+00,
749,3.92e+00,1.04e+00,3.28e+00,0.00e+00,
750,4.00e+00,1.04e+00,3.36e+00,-2.00e-01,
751,4.00e+00,1.04e+00,3.36e+00,-2.00e-01,
752,4.00e+00,1.04e+00,3.44e+00,-4.00e-01,
753,4.00e+00,1.04e+00,3.44e+00,-4.00e-01,
754,3.84e+00,1.04e+00,3.52e+00,0.00e+00,
755,3.84e+00,1.04e+00,3.52e+00,0.00e+00,
756,3.92e+00,1.12e+00,3.44e+00,0.00e+00,
757,3.92e+00,1.12e+00,3.44e+00,0.00e+00,
758,3.92e+00,1.12e+00,3.20e+00,0.00e+00,
759,3.92e+00,1.12e+00,3.20e+00,0.00e+00,
760,3.92e+00,1.12e+00,2.80e+00,4.00e-01,
761,3.92e+00,1.12e+00,2.80e+00,4.00e-01,
762,3.92e+00,1.12e+00,2.24e+00,4.00e-01,
763,3.92e+00,1.12e+00,2.24e+00,4.00e-01,
764,3.92e+00,1.12e+00,1.60e+00,2.00e-01,
765,3.92e+00,1.12e+00,1.60e+00,2.00e-01,
766,3.92e+00,1.12e+00,9.60e-01,0.00e+00,
767,3.92e+00,1.12e+00,9.60e-01,0.00e+00,
768,3.84e+00,1.12e+00,4.80e-01,0.00e+00,
769,3.84e+00,1.12e+00,4.80e-01,0.00e+00,
770,3.84e+00,1.04e+00,8.00e-02,0.00e+00,
771,3.84e+00,1.04e+00,8.00e-02,0.00e+00,
772,3.84e+00,1.04e+00,-8.00e-02,-4.00e-01,
773,3.84e+00,1.04e+00,-8.00e-02,-4.00e-01,
774,3.76e+00,1.04e+00,-1.60e-01,-2.00e-01,
775,3.76e+00,1.04e+00,-1.60e-01,-2.00e-01,
776,3.84e+00,9.60e-01,-1.60e-01,-2.00e-01,
777,3.84e+00,9.60e-01,-1.60e-01,-2.00e-01,
778,3.84e+00,9.60e-01,-2.40e-01,0.00e+00,
779,3.84e+00,9.60e-01,-2.40e-01,0.00e+00,
780,3.92e+00,1.04e+00,-2.40e-01,0.00e+00,
781,3.92e+00,1.04e+00,-2.40e-01,0.00e+00,
782,3.92e+00,1.12e+00,-2.40e-01,0.00e+00,
783,3.92e+00,1.12e+00,-2.40e-01,0.00e+00,
784,3.84e+00,1.04e+00,-8.00e-02,4.00e-01,
785,3.84e+00,1.04e+00,-8.00e-02,4.00e-01,
786,3.84e+00,9.60e-01,-8.00e-02,2.00e-01,
787,3.84e+00,9.60e-01,-8.00e-02,2.00e-01,
788,3.76e+00,9.60e-01,0.00e+00,2.00e-01,
789,3.76e+00,9.60e-01,0.00e+00,2.00e-01,
790,3.76e+00,1.04e+00,8.00e-02,0.00e+00,
791,3.76e+00,1.04e+00,8.00e-02,0.00e+00,
792,3.76e+00,1.04e+00,8.00e-02,0.00e+00,
793,3.76e+00,1.04e+00,8.00e-02,0.00e+00,
794,3.68e+00,1.04e+00,0.00e+00,2.00e-01,
795,3.68e+00,1.04e+00,0.00e+00,2.00e-01,
796,3.68e+00,1.12e+00,0.00e+00,4.00e-01,
797,3.68e+00,1.12e+00,0.00e+00,4.00e-01,
798,3.84e+00,1.12e+00,-8.00e-02,6.00e-01,
799,3.84e+00,1.12e+00,-8.00e-02,6.00e-01,
800,3.84e+00,1.04e+00,-1.60e-01,1.20e+00,
801,3.84e+00,1.04e+00,-1.60e-01,1.20e+00,
802,3.84e+00,1.04e+00,-1.60e-01,1.80e+00,
803,3.84e+00,1.04e+00,-1.60e-01,1.80e+00,
804,3.76e+00,1.12e+00,-1.60e-01,2.20e+00,
805,3.76e+00,1.12e+00,-1.60e-01,2.20e+00,
806,3.76e+00,1.12e+00,-8.00e-02,2.40e+00,
807,3.76e+00,1.12e+00,-8.00e-02,2.40e+00,
808,3.84e+00,1.04e+00,0.00e+00,2.60e+00,
809,3.84e+00,1.04e+00,0.00e+00,2.60e+00,
810,3.84e+00,1.04e+00,8.00e-02,2.80e+00,
811,3.84e+00,1.04e+00,8.00e-02,2.80e+00,
812,3.84e+00,1.12e+00,1.60e-01,2.80e+00,
813,3.84e+00,1.12e+00,1.60e-01,2.80e+00,
814,3.84e+00,1.12e+00,8.00e-02,2.80e+00,
815,3.84e+00,1.12e+00,8.00e-02,2.80e+00,
816,3.84e+00,1.12e+00,0.00e+00,2.80e+00,
817,3.84e+00,1.12e+00,0.00e+00,2.80e+00,
818,3.76e+00,1.12e+00,-8.00e-02,2.80e+00,
819,3.76e+00,1.12e+00,-8.00e-02,2.80e+00,
820,3.76e+00,1.12e+00,0.00e+00,3.00e+00,
821,3.76e+00,1.12e+00,0.00e+00,3.00e+00,
822,3.76e+00,1.12e+00,1.60e-01,3.00e+00,
823,3.76e+00,1.12e+00,1.60e-01,3.00e+00,
824,3.76e+00,1.12e+00,6.40e-01,3.20e+00,
825,3.76e+00,1.12e+00,6.40e-01,3.20e+00,
826,3.68e+00,1.04e+00,1.12e+00,3.40e+00,
827,3.68e+00,1.04e+00,1.12e+00,3.40e+00,
828,3.76e+00,1.12e+00,1.84e+00,3.40e+00,
829,3.76e+00,1.12e+00,1.84e+00,3.40e+00,
830,3.76e+00,1.12e+00,2.40e+00,3.20e+00,
831,3.76e+00,1.12e+00,2.40e+00,3.20e+00,
832,3.76e+00,1.04e+00,2.88e+00,3.40e+00,
833,3.76e+00,1.04e+00,2.88e+00,3.40e+00,
834,3.68e+00,1.04e+00,3.20e+00,3.20e+00,
835,3.68e+00,1.04e+00,3.20e+00,3.20e+00,
836,3.76e+00,1.12e+00,3.36e+00,3.40e+00,
837,3.76e+00,1.12e+00,3.36e+00,3.40e+00,
838,3.76e+00,1.04e+00,3.36e+00,3.00e+00,
839,3.76e+00,1.04e+00,3.36e+00,3.00e+00,
840,3.76e+00,1.12e+00,3.44e+00,3.00e+00,
841,3.76e+00,1.12e+00,3.44e+00,3.00e+00,
842,3.76e+00,1.12e+00,3.36e+00,3.00e+00,
843,3.76e+00,1.12e+00,3.36e+00,3.00e+00,
844,3.68e+00,1.04e+00,3.44e+00,3.00e+00,
845,3.68e+00,1.04e+00,3.44e+00,3.00e+00,
846,3.76e+00,1.04e+00,3.52e+00,3.00e+00,
847,3.76e+00,1.04e+00,3.52e+00,3.00e+00,
848,3.76e+00,1.12e+00,3.44e+00,3.00e+00,
849,3.76e+00,1.12e+00,3.44e+00,3.00e+00,
850,3.76e+00,1.04e+00,3.44e+00,3.00e+00,
851,3.76e+00,1.04e+00,3.44e+00,3.00e+00,
852,3.68e+00,1.04e+00,3.44e+00,3.00e+00,
853,3.68e+00,1.04e+00,3.44e+00,3.00e+00,
854,3.76e+00,1.12e+00,3.36e+00,3.00e+00,
855,3.76e+00,1.12e+00,3.36e+00,3.00e+00,
856,3.76e+00,1.04e+00,3.36e+00,3.00e+00,
857,3.76e+00,1.04e+00,3.36e+00,3.00e+00,
858,3.60e+00,9.60e-01,3.28e+00,3.00e+00,
859,3.60e+00,9.60e-01,3.28e+00,3.00e+00,
860,3.60e+00,9.60e-01,3.36e+00,3.00e+00,
861,3.60e+00,9.60e-01,3.36e+00,3.00e+00,
862,3.68e+00,9.60e-01,3.36e+00,3.00e+00,
863,3.68e+00,9.60e-01,3.36e+00,3.00e+00,
864,3.60e+00,9.60e-01,3.44e+00,3.00e+00,
865,3.60e+00,9.60e-01,3.44e+00,3.00e+00,
866,3.68e+00,9.60e-01,3.52e+00,3.00e+00,
867,3.68e+00,9.60e-01,3.52e+00,3.00e+00,
868,3.60e+00,1.04e+00,3.52e+00,3.00e+00,
869,3.60e+00,1.04e+00,3.52e+00,3.00e+00,
870,3.68e+00,1.04e+00,3.28e+00,3.20e+00,
871,3.68e+00,1.04e+00,3.28e+00,3.20e+00,
872,3.60e+00,1.04e+00,3.04e+00,3.20e+00,
873,3.60e+00,1.04e+00,3.04e+00,3.20e+00,
874,3.52e+00,1.04e+00,2.56e+00,3.00e+00,
875,3.52e+00,1.04e+00,2.56e+00,3.00e+00,
876,3.52e+00,1.04e+00,1.92e+00,3.00e+00,
877,3.52e+00,1.04e+00,1.92e+00,3.00e+00,
878,3.52e+00,1.04e+00,1.28e+00,3.00e+00,
879,3.52e+00,1.04e+00,1.28e+00,3.00e+00,
880,3.44e+00,1.12e+00,7.20e-01,3.00e+00,
881,3.44e+00,1.12e+00,7.20e-01,3.00e+00,
882,3.44e+00,9.60e-01,3.20e-01,3.00e+00,
883,3.44e+00,9.60e-01,3.20e-01,3.00e+00,
884,3.44e+00,9.60e-01,-8.00e-02,3.00e+00,
885,3.44e+00,9.60e-01,-8.00e-02,3.00e+00,
886,3.52e+00,9.60e-01,-3.20e-01,3.00e+00,
887,3.52e+00,9.60e-01,-3.20e-01,3.00e+00,
888,3.52e+00,9.60e-01,-4.00e-01,3.40e+00,
889,3.52e+00,9.60e-01,-4.00e-01,3.40e+00,
890,3.52e+00,9.60e-01,-4.00e-01,3.40e+00,
891,3.52e+00,9.60e-01,-4.00e-01,3.40e+00,
892,3.44e+00,1.04e+00,-3.20e-01,3.20e+00,
893,3.44e+00,1.04e+00,-3.20e-01,3.20e+00,
894,3.44e+00,1.12e+00,-2.40e-01,3.40e+00,
895,3.44e+00,1.12e+00,-2.40e-01,3.40e+00,
896,3.36e+00,1.04e+00,-8.00e-02,3.40e+00,
897,3.36e+00,1.04e+00,-8.00e-02,3.40e+00,
898,3.36e+00,9.60e-01,0.00e+00,3.40e+00,
899,3.36e+00,9.60e-01,0.00e+00,3.40e+00,
900,3.28e+00,9.60e-01,0.00e+00,3.20e+00,
901,3.28e+00,9.60e-01,0.00e+00,3.20e+00,
902,3.20e+00,9.60e-01,8.00e-02,2.80e+00,
903,3.20e+00,9.60e-01,8.00e-02,2.80e+00,
904,3.20e+00,9.60e-01,0.00e+00,2.80e+00,
905,3.20e+00,9.60e-01,0.00e+00,2.80e+00,
906,3.12e+00,9.60e-01,0.00e+00,2.60e+00,
907,3.12e+00,9.60e-01,0.00e+00,2.60e+00,
908,3.20e+00,1.12e+00,-1.60e-01,2.60e+00,
909,3.20e+00,1.12e+00,-1.60e-01,2.60e+00,
910,3.12e+00,1.04e+00,-8.00e-02,2.60e+00,
911,3.12e+00,1.04e+00,-8.00e-02,2.60e+00,
912,3.04e+00,1.04e+00,-8.00e-02,3.00e+00,
913,3.04e+00,1.04e+00,-8.00e-02,3.00e+00,
914,2.96e+00,1.04e+00,-8.00e-02,2.60e+00,
915,2.96e+00,1.04e+00,-8.00e-02,2.60e+00,
916,2.96e+00,1.04e+00,-8.00e-02,2.40e+00,
917,2.96e+00,1.04e+00,-8.00e-02,2.40e+00,
918,2.88e+00,1.04e+00,0.00e+00,1.80e+00,
919,2.88e+00,1.04e+00,0.00e+00,1.80e+00,
920,2.80e+00,1.12e+00,1.60e-01,1.20e+00,
921,2.80e+00,1.12e+00,1.60e-01,1.20e+00,
922,2.72e+00,1.04e+00,1.60e-01,2.00e-01,
923,2.72e+00,1.04e+00,1.60e-01,2.00e-01,
924,2.64e+00,9.60e-01,1.60e-01,-2.00e-01,
925,2.64e+00,9.60e-01,1.60e-01,-2.00e-01,
926,2.64e+00,9.60e-01,8.00e-02,-8.00e-01,
927,2.64e+00,9.60e-01,8.00e-02,-8.00e-01,
928,2.56e+00,9.60e-01,-8.00e-02,-1.00e+00,
929,2.56e+00,9.60e-01,-8.00e-02,-1.00e+00,
930,2.56e+00,9.60e-01,-1.60e-01,-8.00e-01,
931,2.56e+00,9.60e-01,-1.60e-01,-8.00e-01,
932,2.48e+00,1.04e+00,-8.00e-02,-8.00e-01,
933,2.48e+00,1.04e+00,-8.00e-02,-8.00e-01,
934,2.48e+00,1.12e+00,8.00e-02,-6.00e-01,
935,2.48e+00,1.12e+00,8.00e-02,-6.00e-01,
936,2.40e+00,1.12e+00,5.60e-01,-2.00e-01,
937,2.40e+00,1.12e+00,5.60e-01,-2.00e-01,
938,2.40e+00,1.04e+00,1.04e+00,2.00e-01,
939,2.40e+00,1.04e+00,1.04e+00,2.00e-01,
940,2.32e+00,1.12e+00,1.68e+00,0.00e+00,
941,2.32e+00,1.12e+00,1.68e+00,0.00e+00,
942,2.24e+00,1.04e+00,2.32e+00,0.00e+00,
943,2.24e+00,1.04e+00,2.32e+00,0.00e+00,
944,2.24e+00,1.04e+00,2.80e+00,0.00e+00,
945,2.24e+00,1.04e+00,2.80e+00,0.00e+00,
946,2.16e+00,9.60e-01,3.12e+00,2.00e-01,
947,2.16e+00,9.60e-01,3.12e+00,2.00e-01,
948,2.08e+00,9.60e-01,3.28e+00,4.00e-01,
949,2.08e+00,9.60e-01,3.28e+00,4.00e-01,
950,2.08e+00,9.60e-01,3.36e+00,0.00e+00,
951,2.08e+00,9.60e-01,3.36e+00,0.00e+00,
952,2.08e+00,9.60e-01,3.44e+00,0.00e+00,
953,2.08e+00,9.60e-01,3.44e+00,0.00e+00,
954,2.00e+00,9.60e-01,3.44e+00,0.00e+00,
955,2.00e+00,9.60e-01,3.44e+00,0.00e+00,
956,2.08e+00,1.12e+00,3.52e+00,-2.00e-01,
957,2.08e+00,1.12e+00,3.52e+00,-2.00e-01,
958,2.08e+00,1.04e+00,3.44e+00,-2.00e-01,
959,2.08e+00,1.04e+00,3.44e+00,-2.00e-01,
960,2.08e+00,1.12e+00,3.52e+00,0.00e+00,
961,2.08e+00,1.12e+00,3.52e+00,0.00e+00,
962,2.08e+00,1.04e+00,3.52e+00,0.00e+00,
963,2.08e+00,1.04e+00,3.52e+00,0.00e+00,
964,2.16e+00,1.12e+00,3.44e+00,0.00e+00,
965,2.16e+00,1.12e+00,3.44e+00,0.00e+00,
966,2.16e+00,1.04e+00,3.44e+00,0.00e+00,
967,2.16e+00,1.04e+00,3.44e+00,0.00e+00,
968,2.16e+00,1.04e+00,3.44e+00,0.00e+00,
969,2.16e+00,1.04e+00,3.44e+00,0.00e+00,
970,2.16e+00,1.04e+00,3.36e+00,0.00e+00,
971,2.16e+00,1.04e+00,3.36e+00,0.00e+00,
972,2.24e+00,1.04e+00,3.36e+00,0.00e+00,
973,2.24e+00,1.04e+00,3.36e+00,0.00e+00,
974,2.24e+00,1.12e+00,3.44e+00,-2.00e-01,
975,2.24e+00,1.12e+00,3.44e+00,-2.00e-01,
976,2.16e+00,1.12e+00,3.44e+00,-4.00e-01,
977,2.16e+00,1.12e+00,3.44e+00,-4.00e-01,
978,2.16e+00,1.12e+00,3.52e+00,0.00e+00,
979,2.16e+00,1.12e+00,3.52e+00,0.00e+00,
980,2.24e+00,1.12e+00,3.52e+00,0.00e+00,
981,2.24e+00,1.12e+00,3.52e+00,0.00e+00,
982,2.24e+00,1.04e+00,3.36e+00,0.00e+00,
983,2.24e+00,1.04e+00,3.36e+00,0.00e+00,
984,2.32e+00,1.12e+00,3.12e+00,4.00e-01,
985,2.32e+00,1.12e+00,3.12e+00,4.00e-01,
986,2.24e+00,1.04e+00,2.72e+00,4.00e-01,
987,2.24e+00,1.04e+00,2.72e+00,4.00e-01,
988,2.32e+00,1.12e+00,2.16e+00,4.00e-01,
989,2.32e+00,1.12e+00,2.16e+00,4.00e-01,
990,2.32e+00,1.12e+00,1.60e+00,2.00e-01,
991,2.32e+00,1.12e+00,1.60e+00,2.00e-01,
992,2.32e+00,1.12e+00,9.60e-01,0.00e+00,
993,2.32e+00,1.12e+00,9.60e-01,0.00e+00,
994,2.32e+00,9.60e-01,4.80e-01,0.00e+00,
995,2.32e+00,9.60e-01,4.80e-01,0.00e+00,
996,2.32e+00,1.04e+00,8.00e-02,-2.00e-01,
997,2.32e+00,1.04e+00,8.00e-02,-2.00e-01,
998,2.40e+00,9.60e-01,-1.60e-01,-4.00e-01,
999,2.40e+00,9.60e-01,-1.60e-01,-4.00e-01,
1000,2.40e+00,9.60e-01,-2.40e-01,0.00e+00,
1001,2.40e+00,9.60e-01,-2.40e-01,0.00e+00,
1002,2.40e+00,1.04e+00,-3.20e-01,0.00e+00,
1003,2.40e+00,1.04e+00,-3.20e-01,0.00e+00,
1004,2.48e+00,1.04e+00,-2.40e-01,0.00e+00,
1005,2.48e+00,1.04e+00,-2.40e-01,0.00e+00,
1006,2.48e+00,1.12e+00,-1.60e-01,0.00e+00,
1007,2.48e+00,1.12e+00,-1.60e-01,0.00e+00,
1008,2.48e+00,1.12e+00,-8.00e-02,2.00e-01,
1009,2.48e+00,1.12e+00,-8.00e-02,2.00e-01,
1010,2.48e+00,9.60e-01,-8.00e-02,2.00e-01,
1011,2.48e+00,9.60e-01,-8.00e-02,2.00e-01,
1012,2.48e+00,1.04e+00,-8.00e-02,0.00e+00,
1013,2.48e+00,1.04e+00,-8.00e-02,0.00e+00,
1014,2.48e+00,1.04e+00,-8.00e-02,0.00e+00,
1015,2.48e+00,1.04e+00,-8.00e-02,0.00e+00,
1016,2.48e+00,9.60e-01,-8.00e-02,0.00e+00,
1017,2.48e+00,9.60e-01,-8.00e-02,0.00e+00,
1018,2.64e+00,9.60e-01,0.00e+00,0.00e+00,
1019,2.64e+00,9.60e-01,0.00e+00,0.00e+00,
1020,2.64e+00,1.04e+00,0.00e+00,0.00e+00,
1021,2.64e+00,1.04e+00,0.00e+00,0.00e+00,
1022,2.72e+00,1.04e+00,0.00e+00,0.00e+00,
1023,2.72e+00,1.04e+00,0.00e+00,0.00e+00,
1024,2.72e+00,1.04e+00,0.00e+00,0.00e+00,
1025,2.72e+00,1.04e+00,0.00e+00,0.00e+00,
1026,2.80e+00,1.04e+00,-8.00e-02,0.00e+00,
1027,2.80e+00,1.04e+00,-8.00e-02,0.00e+00,
1028,2.80e+00,1.04e+00,-8.00e-02,0.00e+00,
1029,2.80e+00,1.04e+00,-8.00e-02,0.00e+00,
1030,2.80e+00,1.04e+00,-8.00e-02,0.00e+00,
1031,2.80e+00,1.04e+00,-8.00e-02,0.00e+00,
1032,2.80e+00,1.12e+00,0.00e+00,0.00e+00,
1033,2.80e+00,1.12e+00,0.00e+00,0.00e+00,
1034,2.72e+00,1.12e+00,0.00e+00,0.00e+00,
1035,2.72e+00,1.12e+00,0.00e+00,0.00e+00,
1036,2.72e+00,1.04e+00,0.00e+00,0.00e+00,
1037,2.72e+00,1.04e+00,0.00e+00,0.00e+00,
1038,2.72e+00,1.04e+00,0.00e+00,0.00e+00,
1039,2.72e+00,1.04e+00,0.00e+00,0.00e+00,
1040,2.72e+00,1.04e+00,0.00e+00,4.00e-01,
1041,2.72e+00,1.04e+00,0.00e+00,4.00e-01,
1042,2.72e+00,1.04e+00,-1.60e-01,2.00e-01,
1043,2.72e+00,1.04e+00,-1.60e-01,2.00e-01,
1044,2.88e+00,1.04e+00,-1.60e-01,4.00e-01,
1045,2.88e+00,1.04e+00,-1.60e-01,4.00e-01,
1046,2.88e+00,1.12e+00,0.00e+00,0.00e+00,
1047,2.88e+00,1.12e+00,0.00e+00,0.00e+00,
1048,2.88e+00,1.12e+00,3.20e-01,0.00e+00,
1049,2.88e+00,1.12e+00,3.20e-01,0.00e+00,
1050,2.88e+00,1.04e+00,6.40e-01,0.00e+00,
1051,2.88e+00,1.04e+00,6.40e-01,0.00e+00,
1052,2.96e+00,1.12e+00,1.20e+00,0.00e+00,
1053,2.96e+00,1.12e+00,1.20e+00,0.00e+00,
1054,2.96e+00,1.12e+00,1.68e+00,0.00e+00,
1055,2.96e+00,1.12e+00,1.68e+00,0.00e+00,
1056,2.96e+00,1.04e+00,2.32e+00,4.00e-01,
1057,2.96e+00,1.04e+00,2.32e+00,4.00e-01,
1058,2.96e+00,1.04e+00,2.72e+00,6.00e-01,
1059,2.96e+00,1.04e+00,2.72e+00,6.00e-01,
1060,3.04e+00,1.12e+00,3.04e+00,1.20e+00,
1061,3.04e+00,1.12e+00,3.04e+00,1.20e+00,
1062,3.04e+00,1.12e+00,3.28e+00,1.40e+00,
1063,3.04e+00,1.12e+00,3.28e+00,1.40e+00,
1064,3.12e+00,1.04e+00,3.44e+00,2.20e+00,
1065,3.12e+00,1.04e+00,3.44e+00,2.20e+00,
1066,3.12e+00,1.04e+00,3.52e+00,2.40e+00,
1067,3.12e+00,1.04e+00,3.52e+00,2.40e+00,
1068,3.20e+00,1.04e+00,3.60e+00,2.80e+00,
1069,3.20e+00,1.04e+00,3.60e+00,2.80e+00,
1070,3.12e+00,1.04e+00,3.60e+00,2.80e+00,
1071,3.12e+00,1.04e+00,3.60e+00,2.80e+00,
1072,3.12e+00,1.12e+00,3.60e+00,3.20e+00,
1073,3.12e+00,1.12e+00,3.60e+00,3.20e+00,
1074,3.12e+00,1.04e+00,3.44e+00,3.40e+00,
1075,3.12e+00,1.04e+00,3.44e+00,3.40e+00,
1076,3.12e+00,1.12e+00,3.44e+00,3.40e+00,
1077,3.12e+00,1.12e+00,3.44e+00,3.40e+00,
1078,3.12e+00,1.04e+00,3.36e+00,3.40e+00,
1079,3.12e+00,1.04e+00,3.36e+00,3.40e+00,
1080,3.20e+00,1.12e+00,3.36e+00,3.40e+00,
1081,3.20e+00,1.12e+00,3.36e+00,3.40e+00,
1082,3.12e+00,1.12e+00,3.36e+00,3.40e+00,
1083,3.12e+00,1.12e+00,3.36e+00,3.40e+00,
1084,3.28e+00,1.04e+00,3.52e+00,3.40e+00,
1085,3.28e+00,1.04e+00,3.52e+00,3.40e+00,
1086,3.28e+00,1.12e+00,3.44e+00,3.00e+00,
1087,3.28e+00,1.12e+00,3.44e+00,3.00e+00,
1088,3.28e+00,1.04e+00,3.60e+00,3.00e+00,
1089,3.28e+00,1.04e+00,3.60e+00,3.00e+00,
1090,3.28e+00,1.12e+00,3.60e+00,3.00e+00,
1091,3.28e+00,1.12e+00,3.60e+00,3.00e+00,
1092,3.28e+00,1.12e+00,3.44e+00,3.00e+00,
1093,3.28e+00,1.12e+00,3.44e+00,3.00e+00,
1094,3.28e+00,1.12e+00,3.36e+00,3.00e+00,
1095,3.28e+00,1.12e+00,3.36e+00,3.00e+00,
1096,3.28e+00,1.04e+00,3.20e+00,3.00e+00,
1097,3.28e+00,1.04e+00,3.20e+00,3.00e+00,
1098,3.28e+00,1.04e+00,2.88e+00,3.20e+00,
1099,3.28e+00,1.04e+00,2.88e+00,3.20e+00,
1100,3.28e+00,1.04e+00,2.40e+00,3.00e+00,
1101,3.28e+00,1.04e+00,2.40e+00,3.00e+00,
1102,3.36e+00,1.12e+00,1.84e+00,3.00e+00,
1103,3.36e+00,1.12e+00,1.84e+00,3.00e+00,
1104,3.36e+00,1.12e+00,1.28e+00,3.00e+00,
1105,3.36e+00,1.12e+00,1.28e+00,3.00e+00,
1106,3.36e+00,1.04e+00,6.40e-01,3.00e+00,
1107,3.36e+00,1.04e+00,6.40e-01,3.00e+00,
1108,3.44e+00,1.12e+00,2.40e-01,3.00e+00,
1109,3.44e+00,1.12e+00,2.40e-01,3.00e+00,
1110,3.44e+00,1.12e+00,-1.60e-01,3.00e+00,
1111,3.44e+00,1.12e+00,-1.60e-01,3.00e+00,
1112,3.44e+00,1.12e+00,-3.20e-01,3.40e+00,
1113,3.44e+00,1.12e+00,-3.20e-01,3.40e+00,
1114,3.44e+00,1.12e+00,-4.00e-01,3.40e+00,
1115,3.44e+00,1.12e+00,-4.00e-01,3.40e+00,
1116,3.52e+00,1.12e+00,-2.40e-01,3.40e+00,
1117,3.52e+00,1.12e+00,-2.40e-01,3.40e+00,
1118,3.52e+00,1.12e+00,-1.60e-01,3.40e+00,
1119,3.52e+00,1.12e+00,-1.60e-01,3.40e+00,
1120,3.60e+00,1.12e+00,-8.00e-02,3.20e+00,
1121,3.60e+00,1.12e+00,-8.00e-02,3.20e+00,
1122,3.60e+00,1.04e+00,-8.00e-02,3.40e+00,
1123,3.60e+00,1.04e+00,-8.00e-02,3.40e+00,
1124,3.60e+00,1.04e+00,-8.00e-02,3.20e+00,
1125,3.60e+00,1.04e+00,-8.00e-02,3.20e+00,
1126,3.60e+00,1.12e+00,-8.00e-02,3.00e+00,
1127,3.60e+00,1.12e+00,-8.00e-02,3.00e+00,
1128,3.68e+00,1.04e+00,-8.00e-02,3.00e+00,
1129,3.68e+00,1.04e+00,-8.00e-02,3.00e+00,
1130,3.60e+00,1.04e+00,0.00e+00,3.00e+00,
1131,3.60e+00,1.04e+00,0.00e+00,3.00e+00,
1132,3.68e+00,1.04e+00,0.00e+00,3.00e+00,
1133,3.68e+00,1.04e+00,0.00e+00,3.00e+00,
1134,3.68e+00,1.12e+00,0.00e+00,3.20e+00,
1135,3.68e+00,1.12e+00,0.00e+00,3.20e+00,
1136,3.76e+00,1.12e+00,0.00e+00,3.40e+00,
1137,3.76e+00,1.12e+00,0.00e+00,3.40e+00,
1138,3.76e+00,1.12e+00,-8.00e-02,3.20e+00,
1139,3.76e+00,1.12e+00,-8.00e-02,3.20e+00,
1140,3.84e+00,1.12e+00,-8.00e-02,3.20e+00,
1141,3.84e+00,1.12e+00,-8.00e-02,3.20e+00,
1142,3.84e+00,1.04e+00,-8.00e-02,3.20e+00,
1143,3.84e+00,1.04e+00,-8.00e-02,3.20e+00,
1144,3.84e+00,1.04e+00,-8.00e-02,3.40e+00,
1145,3.84e+00,1.04e+00,-8.00e-02,3.40e+00,
1146,3.84e+00,1.12e+00,8.00e-02,3.40e+00,
1147,3.84e+00,1.12e+00,8.00e-02,3.40e+00,
1148,3.92e+00,1.12e+00,8.00e-02,3.20e+00,
1149,3.92e+00,1.12e+00,8.00e-02,3.20e+00,
1150,3.92e+00,1.12e+00,8.00e-02,3.00e+00,
1151,3.92e+00,1.12e+00,8.00e-02,3.00e+00,
1152,4.00e+00,1.12e+00,0.00e+00,3.00e+00,
1153,4.00e+00,1.12e+00,0.00e+00,3.00e+00,
1154,4.00e+00,1.04e+00,0.00e+00,3.20e+00,
1155,4.00e+00,1.04e+00,0.00e+00,3.20e+00,
1156,4.08e+00,1.12e+00,0.00e+00,3.00e+00,
1157,4.08e+00,1.12e+00,0.00e+00,3.00e+00,
1158,4.08e+00,1.12e+00,8.00e-02,3.00e+00,
1159,4.08e+00,1.12e+00,8.00e-02,3.00e+00,
1160,4.08e+00,1.04e+00,4.00e-01,3.00e+00,
1161,4.08e+00,1.04e+00,4.00e-01,3.00e+00,
1162,4.08e+00,1.12e+00,6.40e-01,3.00e+00,
1163,4.08e+00,1.12e+00,6.40e-01,3.00e+00,
1164,4.08e+00,1.12e+00,1.12e+00,3.00e+00,
1165,4.08e+00,1.12e+00,1.12e+00,3.00e+00,
1166,4.08e+00,1.04e+00,1.68e+00,3.00e+00,
1167,4.08e+00,1.04e+00,1.68e+00,3.00e+00,
1168,4.00e+00,1.12e+00,2.08e+00,3.00e+00,
1169,4.00e+00,1.12e+00,2.08e+00,3.00e+00,
1170,4.00e+00,1.04e+00,2.64e+00,3.40e+00,
1171,4.00e+00,1.04e+00,2.64e+00,3.40e+00,
1172,4.00e+00,1.04e+00,2.96e+00,3.20e+00,
1173,4.00e+00,1.04e+00,2.96e+00,3.20e+00,
1174,4.00e+00,1.04e+00,3.20e+00,3.00e+00,
1175,4.00e+00,1.04e+00,3.20e+00,3.00e+00,
1176,4.00e+00,1.04e+00,3.36e+00,3.00e+00,
1177,4.00e+00,1.04e+00,3.36e+00,3.00e+00,
1178,4.00e+00,1.04e+00,3.52e+00,2.40e+00,
1179,4.00e+00,1.04e+00,3.52e+00,2.40e+00,
1180,4.00e+00,1.04e+00,3.60e+00,2.20e+00,
1181,4.00e+00,1.04e+00,3.60e+00,2.20e+00,
1182,4.00e+00,1.04e+00,3.44e+00,1.20e+00,
1183,4.00e+00,1.04e+00,3.44e+00,1.20e+00,
1184,4.08e+00,1.12e+00,3.44e+00,8.00e-01,
1185,4.08e+00,1.12e+00,3.44e+00,8.00e-01,
1186,4.08e+00,1.04e+00,3.28e+00,0.00e+00,
1187,4.08e+00,1.04e+00,3.28e+00,0.00e+00,
1188,4.00e+00,1.12e+00,3.28e+00,-6.00e-01,
1189,4.00e+00,1.12e+00,3.28e+00,-6.00e-01,
1190,4.00e+00,1.04e+00,3.20e+00,-8.00e-01,
1191,4.00e+00,1.04e+00,3.20e+00,-8.00e-01,
1192,4.00e+00,1.04e+00,3.20e+00,-8.00e-01,
1193,4.00e+00,1.04e+00,3.20e+00,-8.00e-01,
1194,4.00e+00,1.04e+00,3.28e+00,-4.00e-01,
1195,4.00e+00,1.04e+00,3.28e+00,-4.00e-01,
1196,4.00e+00,1.04e+00,3.36e+00,-2.00e-01,
1197,4.00e+00,1.04e+00,3.36e+00,-2.00e-01,
1198,4.08e+00,1.12e+00,3.36e+00,-2.00e-01,
1199,4.08e+00,1.12e+00,3.36e+00,-2.00e-01,
