X,CH1,CH2,CH3,Start,Increment,
Sequence,Volt,Volt,Volt,8.970001e-03,5.000000e-08
0,4.00e-05,3.20e-04,-8.00e-05,
1,4.00e-05,3.20e-04,-1.60e-04,
2,4.00e-05,2.80e-04,-2.00e-04,
3,0.00e+00,2.80e-04,-1.60e-04,
4,-4.00e-05,2.00e-04,-2.00e-04,
5,-4.00e-05,2.00e-04,-2.00e-04,
6,1.20e-04,2.80e-04,-8.00e-05,
7,1.20e-04,2.80e-04,-8.00e-05,
8,0.00e+00,3.20e-04,-1.60e-04,
9,0.00e+00,3.20e-04,-1.60e-04,
10,0.00e+00,2.00e-04,-1.60e-04,
11,0.00e+00,3.20e-04,-2.00e-04,
12,0.00e+00,2.00e-04,-2.00e-04,
13,0.00e+00,2.00e-04,-2.00e-04,
14,1.20e-04,2.80e-04,-1.60e-04,
15,1.20e-04,2.80e-04,-1.60e-04,
16,4.00e-05,2.00e-04,-1.60e-04,
17,4.00e-05,2.00e-04,-1.60e-04,
18,0.00e+00,3.20e-04,-1.60e-04,
19,0.00e+00,3.20e-04,-1.60e-04,
20,0.00e+00,2.00e-04,-1.60e-04,
21,0.00e+00,2.00e-04,-1.60e-04,
22,0.00e+00,3.20e-04,-8.00e-05,
23,0.00e+00,3.20e-04,-8.00e-05,
24,4.00e-05,2.00e-04,-1.60e-04,
25,4.00e-05,2.00e-04,-1.60e-04,
26,-4.00e-05,3.20e-04,-1.60e-04,
27,0.00e+00,3.20e-04,-8.00e-05,
28,0.00e+00,2.00e-04,-1.60e-04,
29,0.00e+00,2.00e-04,-1.60e-04,
30,-4.00e-05,3.20e-04,-1.60e-04,
31,-4.00e-05,3.20e-04,-1.60e-04,
32,0.00e+00,2.80e-04,-2.00e-04,
33,0.00e+00,2.80e-04,-2.00e-04,
34,0.00e+00,2.80e-04,-1.60e-04,
35,0.00e+00,3.20e-04,-1.60e-04,
36,0.00e+00,3.20e-04,-1.60e-04,
37,0.00e+00,3.20e-04,-1.60e-04,
38,0.00e+00,2.80e-04,-1.60e-04,
39,0.00e+00,2.80e-04,-1.60e-04,
40,4.00e-05,3.20e-04,-1.60e-04,
41,4.00e-05,3.20e-04,-1.60e-04,
42,4.00e-05,3.20e-04,-2.00e-04,
43,-4.00e-05,3.20e-04,-1.60e-04,
44,4.00e-05,2.80e-04,-1.60e-04,
45,4.00e-05,2.80e-04,-1.60e-04,
46,0.00e+00,2.80e-04,-1.60e-04,
47,0.00e+00,2.80e-04,-1.60e-04,
48,1.20e-04,2.00e-04,-1.60e-04,
49,1.20e-04,2.00e-04,-1.60e-04,
50,0.00e+00,2.80e-04,-1.60e-04,
51,0.00e+00,2.80e-04,-1.60e-04,
52,4.00e-05,2.80e-04,-1.60e-04,
53,4.00e-05,2.80e-04,-1.60e-04,
54,0.00e+00,2.80e-04,-1.60e-04,
55,0.00e+00,2.80e-04,-1.60e-04,
56,1.20e-04,2.80e-04,-1.60e-04,
57,1.20e-04,2.80e-04,-1.60e-04,
58,4.00e-05,2.80e-04,-8.00e-05,
59,4.00e-05,3.20e-04,-1.60e-04,
60,0.00e+00,2.00e-04,-1.60e-04,
61,0.00e+00,2.00e-04,-1.60e-04,
62,4.00e-05,2.80e-04,-4.00e-05,
63,4.00e-05,2.80e-04,-4.00e-05,
64,0.00e+00,2.00e-04,-8.00e-05,
65,0.00e+00,2.00e-04,-8.00e-05,
66,4.00e-05,3.20e-04,-8.00e-05,
67,4.00e-05,3.20e-04,-8.00e-05,
68,4.00e-05,3.20e-04,-1.60e-04,
69,4.00e-05,3.20e-04,-1.60e-04,
70,0.00e+00,3.20e-04,-8.00e-05,
71,0.00e+00,3.20e-04,-8.00e-05,
72,0.00e+00,3.20e-04,-2.00e-04,
73,0.00e+00,3.20e-04,-2.00e-04,
74,0.00e+00,3.20e-04,-1.60e-04,
75,0.00e+00,2.80e-04,-1.60e-04,
76,4.00e-05,3.20e-04,-1.60e-04,
77,4.00e-05,3.20e-04,-1.60e-04,
78,1.20e-04,3.20e-04,-8.00e-05,
79,1.20e-04,3.20e-04,-8.00e-05,
80,0.00e+00,2.80e-04,-1.60e-04,
81,0.00e+00,2.80e-04,-1.60e-04,
82,4.00e-05,3.20e-04,-8.00e-05,
83,0.00e+00,3.20e-04,-1.60e-04,
84,4.00e-05,2.80e-04,-1.60e-04,
85,4.00e-05,2.80e-04,-1.60e-04,
86,1.60e-04,3.20e-04,-1.60e-04,
87,1.60e-04,3.20e-04,-1.60e-04,
88,4.00e-05,3.20e-04,-1.60e-04,
89,4.00e-05,3.20e-04,-1.60e-04,
90,-1.12e-03,-9.20e-04,-1.16e-03,
91,-8.80e-04,-1.88e-03,-2.32e-03,
92,4.76e-03,2.72e-03,2.88e-03,
93,4.76e-03,2.72e-03,2.88e-03,
94,-2.12e-03,-2.80e-03,-3.48e-03,
95,-2.12e-03,-2.80e-03,-3.48e-03,
96,5.12e-03,5.12e-03,4.36e-03,
97,5.12e-03,5.12e-03,4.36e-03,
98,-1.92e-03,-3.24e-03,-4.08e-03,
99,5.12e-03,4.24e-03,2.52e-03,
100,-2.56e-03,-3.76e-03,-3.08e-03,
101,-2.56e-03,-3.76e-03,-3.08e-03,
102,5.12e-03,2.60e-03,6.40e-04,
103,5.12e-03,2.60e-03,6.40e-04,
104,-3.08e-03,-8.40e-04,-3.20e-04,
105,-3.08e-03,-8.40e-04,-3.20e-04,
106,-5.20e-04,-1.04e-03,-1.96e-03,
107,2.24e-03,3.28e-03,3.00e-03,
108,-1.96e-03,-2.40e-03,-1.96e-03,
109,-1.96e-03,-2.40e-03,-1.96e-03,
110,4.88e-03,5.12e-03,3.80e-03,
111,4.88e-03,5.12e-03,3.80e-03,
112,4.60e-03,4.56e-03,4.64e-03,
113,4.60e-03,4.56e-03,4.64e-03,
114,6.80e-04,6.40e-04,7.20e-04,
115,-2.56e-03,2.44e-03,4.64e-03,
116,5.12e-03,4.28e-03,1.32e-03,
117,5.12e-03,4.28e-03,1.32e-03,
118,5.12e-03,5.12e-03,5.12e-03,
119,5.12e-03,5.12e-03,5.12e-03,
120,4.00e-05,-5.20e-04,-1.32e-03,
121,4.00e-05,-5.20e-04,-1.32e-03,
122,4.04e-03,-1.88e-03,-1.84e-03,
123,4.52e-03,3.96e-03,4.52e-03,
124,5.12e-03,5.12e-03,-1.44e-03,
125,5.12e-03,5.12e-03,-1.44e-03,
126,4.00e-05,-6.40e-04,-2.00e-04,
127,4.00e-05,-6.40e-04,-2.00e-04,
128,-2.56e-03,-1.88e-03,-2.56e-03,
129,-2.56e-03,-1.88e-03,-2.56e-03,
130,4.52e-03,4.36e-03,5.08e-03,
131,5.12e-03,3.04e-03,5.12e-03,
132,-4.00e-05,2.00e-04,8.00e-05,
133,-4.00e-05,2.00e-04,8.00e-05,
134,-1.84e-03,-2.60e-03,-2.00e-03,
135,-1.84e-03,-2.60e-03,-2.00e-03,
136,4.32e-03,5.08e-03,4.32e-03,
137,4.32e-03,5.08e-03,4.32e-03,
138,5.12e-03,5.12e-03,5.12e-03,
139,3.68e-03,3.88e-03,4.12e-03,
140,-8.00e-04,-1.08e-03,-1.44e-03,
141,-8.00e-04,-1.08e-03,-1.44e-03,
142,4.80e-03,5.08e-03,5.12e-03,
143,4.80e-03,5.08e-03,5.12e-03,
144,-5.20e-04,-9.60e-04,-2.24e-03,
145,-5.20e-04,-9.60e-04,-2.24e-03,
146,4.60e-03,4.88e-03,5.12e-03,
147,-8.00e-04,-1.40e-03,-2.64e-03,
148,4.44e-03,5.12e-03,4.88e-03,
149,4.44e-03,5.12e-03,4.88e-03,
150,-5.60e-04,-3.80e-03,-1.44e-03,
151,-5.60e-04,-3.80e-03,-1.44e-03,
152,4.48e-03,4.72e-03,-2.52e-03,
153,4.48e-03,4.72e-03,-2.52e-03,
154,-2.24e-03,1.84e-03,5.12e-03,
155,3.04e-03,-7.60e-04,-2.44e-03,
156,-2.28e-03,4.12e-03,2.84e-03,
157,-2.28e-03,4.12e-03,2.84e-03,
158,3.08e-03,-1.20e-03,-1.16e-03,
159,3.08e-03,-1.20e-03,-1.16e-03,
160,-4.08e-03,1.00e-03,-1.56e-03,
161,-4.08e-03,1.00e-03,-1.56e-03,
162,5.12e-03,3.00e-03,4.48e-03,
163,-4.20e-03,-3.72e-03,-4.20e-03,
164,5.12e-03,4.88e-03,3.40e-03,
165,5.12e-03,4.88e-03,3.40e-03,
166,-3.68e-03,-3.48e-03,-3.20e-03,
167,-3.68e-03,-3.48e-03,-3.20e-03,
168,5.12e-03,5.08e-03,1.88e-03,
169,5.12e-03,5.08e-03,1.88e-03,
170,-3.32e-03,-3.08e-03,-1.04e-03,
171,2.52e-03,1.88e-03,-2.00e-04,
172,-1.00e-03,-3.60e-04,-2.40e-04,
173,-1.00e-03,-3.60e-04,-2.40e-04,
174,4.00e-04,3.60e-04,3.60e-04,
175,4.00e-04,3.60e-04,3.60e-04,
176,-1.84e-03,-6.40e-04,-2.04e-03,
177,-1.84e-03,-6.40e-04,-2.04e-03,
178,1.16e-03,1.00e-03,1.60e-03,
179,-2.80e-04,5.60e-04,-3.60e-04,
180,-1.20e-04,-8.00e-05,-5.20e-04,
181,-1.20e-04,-8.00e-05,-5.20e-04,
182,2.24e-03,2.16e-03,2.24e-03,
183,2.24e-03,2.16e-03,2.24e-03,
184,-2.08e-03,-1.68e-03,-2.64e-03,
185,-2.08e-03,-1.68e-03,-2.64e-03,
186,2.36e-03,2.48e-03,2.32e-03,
187,-1.72e-03,-1.48e-03,-1.56e-03,
188,1.44e-03,1.56e-03,6.00e-04,
189,1.44e-03,1.56e-03,6.00e-04,
190,-1.44e-03,-1.24e-03,-8.00e-04,
191,-1.44e-03,-1.24e-03,-8.00e-04,
192,3.32e-03,2.48e-03,1.44e-03,
193,3.32e-03,2.48e-03,1.44e-03,
194,-2.08e-03,-1.64e-03,-1.56e-03,
195,2.80e-03,2.16e-03,1.28e-03,
196,-2.08e-03,-8.00e-04,-8.00e-04,
197,-2.08e-03,-8.00e-04,-8.00e-04,
198,4.36e-03,3.00e-03,2.40e-03,
199,4.36e-03,3.00e-03,2.40e-03,
200,-2.80e-04,2.44e-03,1.88e-03,
201,-2.80e-04,2.44e-03,1.88e-03,
202,5.12e-03,5.12e-03,5.12e-03,
203,-5.08e-03,-3.32e-03,-7.20e-04,
204,4.00e-04,8.00e-05,-2.40e-04,
205,4.00e-04,8.00e-05,-2.40e-04,
206,-4.88e-03,0.00e+00,7.60e-04,
207,-4.88e-03,0.00e+00,7.60e-04,
208,2.80e-04,-6.40e-04,-1.72e-03,
209,2.80e-04,-6.40e-04,-1.72e-03,
210,-4.76e-03,-5.08e-03,-4.76e-03,
211,5.12e-03,1.76e-03,7.60e-04,
212,-2.24e-03,-1.24e-03,-2.04e-03,
213,-2.24e-03,-1.24e-03,-2.04e-03,
214,4.04e-03,-9.20e-04,-9.20e-04,
215,4.04e-03,-9.20e-04,-9.20e-04,
216,-3.88e-03,-1.60e-03,-2.72e-03,
217,-3.88e-03,-1.60e-03,-2.72e-03,
218,-1.12e-03,-3.04e-03,-3.64e-03,
219,1.56e-03,7.60e-04,8.00e-05,
220,-2.84e-03,-2.76e-03,-3.80e-03,
221,-2.84e-03,-2.76e-03,-3.80e-03,
222,3.32e-03,0.00e+00,-2.00e-04,
223,3.32e-03,0.00e+00,-2.00e-04,
224,-2.36e-03,-2.92e-03,-3.88e-03,
225,-2.36e-03,-2.92e-03,-3.88e-03,
226,3.04e-03,-5.60e-04,-1.00e-03,
227,-2.08e-03,-2.12e-03,-3.00e-03,
228,1.40e-03,-8.00e-04,-1.72e-03,
229,1.40e-03,-8.00e-04,-1.72e-03,
230,-1.92e-03,-1.88e-03,-2.56e-03,
231,-1.92e-03,-1.88e-03,-2.56e-03,
232,-4.40e-04,-1.48e-03,-2.44e-03,
233,-4.40e-04,-1.48e-03,-2.44e-03,
234,-2.80e-04,-1.32e-03,-1.88e-03,
235,-1.24e-03,-1.88e-03,-2.80e-03,
236,0.00e+00,-1.08e-03,-1.84e-03,
237,0.00e+00,-1.08e-03,-1.84e-03,
238,-1.08e-03,-1.80e-03,-2.72e-03,
239,-1.08e-03,-1.80e-03,-2.72e-03,
240,-5.60e-04,-1.40e-03,-2.24e-03,
241,-5.60e-04,-1.40e-03,-2.24e-03,
242,-3.20e-04,-1.40e-03,-2.16e-03,
243,-1.36e-03,-1.88e-03,-2.68e-03,
244,4.00e-05,-1.12e-03,-1.96e-03,
245,4.00e-05,-1.12e-03,-1.96e-03,
246,-1.44e-03,-2.04e-03,-2.92e-03,
247,-1.44e-03,-2.04e-03,-2.92e-03,
248,0.00e+00,-1.08e-03,-2.00e-03,
249,0.00e+00,-1.08e-03,-2.00e-03,
250,-1.24e-03,-1.88e-03,-2.80e-03,
251,-3.20e-04,-1.36e-03,-2.24e-03,
252,-8.40e-04,-1.52e-03,-2.40e-03,
253,-8.40e-04,-1.52e-03,-2.40e-03,
254,-8.00e-04,-1.52e-03,-2.32e-03,
255,-8.00e-04,-1.52e-03,-2.32e-03,
256,-6.00e-04,-1.40e-03,-2.44e-03,
257,-6.00e-04,-1.40e-03,-2.44e-03,
258,-1.08e-03,-1.64e-03,-2.32e-03,
259,-3.20e-04,-1.32e-03,-2.28e-03,
260,-9.60e-04,-1.68e-03,-2.64e-03,
261,-9.60e-04,-1.68e-03,-2.64e-03,
262,-4.00e-04,-1.40e-03,-2.32e-03,
263,-4.00e-04,-1.40e-03,-2.32e-03,
264,-9.60e-04,-1.64e-03,-2.56e-03,
265,-9.60e-04,-1.64e-03,-2.56e-03,
266,-6.00e-04,-1.52e-03,-2.40e-03,
267,-7.20e-04,-1.52e-03,-2.44e-03,
268,-8.40e-04,-1.60e-03,-2.44e-03,
269,-8.40e-04,-1.60e-03,-2.44e-03,
270,-5.60e-04,-1.48e-03,-2.32e-03,
271,-5.60e-04,-1.48e-03,-2.32e-03,
272,-1.00e-03,-1.80e-03,-2.68e-03,
273,-1.00e-03,-1.80e-03,-2.68e-03,
274,-5.20e-04,-1.40e-03,-2.24e-03,
275,-8.40e-04,-1.64e-03,-2.56e-03,
276,-9.60e-04,-1.64e-03,-2.64e-03,
277,-9.60e-04,-1.64e-03,-2.64e-03,
278,-2.80e-04,-1.24e-03,-2.24e-03,
279,-2.80e-04,-1.24e-03,-2.24e-03,
280,-1.24e-03,-1.92e-03,-2.92e-03,
281,-1.24e-03,-1.92e-03,-2.92e-03,
282,-1.60e-04,-1.20e-03,-2.16e-03,
283,-1.24e-03,-2.04e-03,-2.92e-03,
284,-4.40e-04,-1.32e-03,-2.40e-03,
285,-4.40e-04,-1.32e-03,-2.40e-03,
286,-1.00e-03,-1.76e-03,-2.64e-03,
287,-1.00e-03,-1.76e-03,-2.64e-03,
288,-6.00e-04,-1.60e-03,-2.56e-03,
289,-6.00e-04,-1.60e-03,-2.56e-03,
290,-8.40e-04,-1.52e-03,-2.52e-03,
291,-8.40e-04,-1.76e-03,-2.72e-03,
292,-6.80e-04,-1.52e-03,-2.40e-03,
293,-6.80e-04,-1.52e-03,-2.40e-03,
294,-8.80e-04,-1.76e-03,-2.72e-03,
295,-8.80e-04,-1.76e-03,-2.72e-03,
296,-5.20e-04,-1.36e-03,-2.32e-03,
297,-5.20e-04,-1.36e-03,-2.32e-03,
298,-8.80e-04,-1.76e-03,-2.68e-03,
299,-7.20e-04,-1.60e-03,-2.64e-03,
300,-8.00e-04,-1.64e-03,-2.52e-03,
301,-8.00e-04,-1.64e-03,-2.52e-03,
302,-9.60e-04,-1.80e-03,-2.72e-03,
303,-9.60e-04,-1.80e-03,-2.72e-03,
304,-6.00e-04,-1.52e-03,-2.52e-03,
305,-6.00e-04,-1.52e-03,-2.52e-03,
306,-8.80e-04,-1.80e-03,-2.68e-03,
307,-6.00e-04,-1.52e-03,-2.52e-03,
308,-9.60e-04,-1.88e-03,-2.68e-03,
309,-9.60e-04,-1.88e-03,-2.68e-03,
310,-8.00e-04,-1.64e-03,-2.68e-03,
311,-8.00e-04,-1.64e-03,-2.68e-03,
312,-8.40e-04,-1.68e-03,-2.68e-03,
313,-8.40e-04,-1.68e-03,-2.68e-03,
314,-8.40e-04,-1.76e-03,-2.72e-03,
315,-8.00e-04,-1.60e-03,-2.56e-03,
316,-8.40e-04,-1.80e-03,-2.68e-03,
317,-8.40e-04,-1.80e-03,-2.68e-03,
318,-8.00e-04,-1.68e-03,-2.64e-03,
319,-8.00e-04,-1.68e-03,-2.64e-03,
320,-8.40e-04,-1.68e-03,-2.56e-03,
321,-8.40e-04,-1.68e-03,-2.56e-03,
322,-8.40e-04,-1.68e-03,-2.64e-03,
323,-9.60e-04,-1.80e-03,-2.72e-03,
324,-8.00e-04,-1.68e-03,-2.68e-03,
325,-8.00e-04,-1.68e-03,-2.68e-03,
326,-8.40e-04,-1.76e-03,-2.72e-03,
327,-8.40e-04,-1.76e-03,-2.72e-03,
328,-8.80e-04,-1.76e-03,-2.68e-03,
329,-8.80e-04,-1.76e-03,-2.68e-03,
330,-8.40e-04,-1.68e-03,-2.56e-03,
331,-9.60e-04,-1.76e-03,-2.80e-03,
332,-8.40e-04,-1.68e-03,-2.68e-03,
333,-8.40e-04,-1.68e-03,-2.68e-03,
334,-8.40e-04,-1.76e-03,-2.68e-03,
335,-8.40e-04,-1.76e-03,-2.68e-03,
336,-8.80e-04,-1.76e-03,-2.72e-03,
337,-8.80e-04,-1.76e-03,-2.72e-03,
338,-9.60e-04,-1.68e-03,-2.68e-03,
339,-8.40e-04,-1.68e-03,-2.72e-03,
340,-8.40e-04,-1.76e-03,-2.68e-03,
341,-8.40e-04,-1.76e-03,-2.68e-03,
342,-8.80e-04,-1.76e-03,-2.72e-03,
343,-8.80e-04,-1.76e-03,-2.72e-03,
344,-8.80e-04,-1.68e-03,-2.72e-03,
345,-8.80e-04,-1.68e-03,-2.72e-03,
346,-8.40e-04,-1.76e-03,-2.72e-03,
347,-9.60e-04,-1.80e-03,-2.68e-03,
348,-8.80e-04,-1.76e-03,-2.68e-03,
349,-8.80e-04,-1.76e-03,-2.68e-03,
350,-9.60e-04,-1.76e-03,-2.80e-03,
351,-9.60e-04,-1.76e-03,-2.80e-03,
352,-8.80e-04,-1.76e-03,-2.64e-03,
353,-8.80e-04,-1.76e-03,-2.64e-03,
354,-8.40e-04,-1.80e-03,-2.68e-03,
355,-8.00e-04,-1.76e-03,-2.72e-03,
356,-9.60e-04,-1.68e-03,-2.68e-03,
357,-9.60e-04,-1.68e-03,-2.68e-03,
358,-8.80e-04,-1.68e-03,-2.64e-03,
359,-8.80e-04,-1.68e-03,-2.64e-03,
360,-9.60e-04,-1.68e-03,-2.72e-03,
361,-9.60e-04,-1.68e-03,-2.72e-03,
362,-8.40e-04,-1.68e-03,-2.68e-03,
363,-8.80e-04,-1.80e-03,-2.80e-03,
364,-9.60e-04,-1.80e-03,-2.80e-03,
365,-9.60e-04,-1.80e-03,-2.80e-03,
366,-9.60e-04,-1.80e-03,-2.72e-03,
367,-9.60e-04,-1.80e-03,-2.72e-03,
368,-8.40e-04,-1.68e-03,-2.80e-03,
369,-8.40e-04,-1.68e-03,-2.80e-03,
370,-8.80e-04,-1.76e-03,-2.72e-03,
371,-9.60e-04,-1.80e-03,-2.80e-03,
372,-8.40e-04,-1.68e-03,-2.68e-03,
373,-8.40e-04,-1.68e-03,-2.68e-03,
374,-8.80e-04,-1.68e-03,-2.80e-03,
375,-8.80e-04,-1.68e-03,-2.80e-03,
376,-8.80e-04,-1.80e-03,-2.80e-03,
377,-8.80e-04,-1.80e-03,-2.80e-03,
378,-1.00e-03,-1.76e-03,-2.68e-03,
379,-8.80e-04,-1.68e-03,-2.80e-03,
380,-9.60e-04,-1.76e-03,-2.72e-03,
381,-9.60e-04,-1.76e-03,-2.72e-03,
382,-8.80e-04,-1.68e-03,-2.84e-03,
383,-8.80e-04,-1.68e-03,-2.84e-03,
384,-9.60e-04,-1.68e-03,-2.84e-03,
385,-9.60e-04,-1.68e-03,-2.84e-03,
386,-9.60e-04,-1.80e-03,-2.72e-03,
387,-9.60e-04,-1.76e-03,-2.80e-03,
388,-8.80e-04,-1.68e-03,-2.72e-03,
389,-8.80e-04,-1.68e-03,-2.72e-03,
390,-8.80e-04,-1.68e-03,-2.72e-03,
391,-8.80e-04,-1.68e-03,-2.72e-03,
392,-9.60e-04,-1.88e-03,-2.72e-03,
393,-9.60e-04,-1.88e-03,-2.72e-03,
394,-9.60e-04,-1.76e-03,-2.68e-03,
395,-8.80e-04,-1.68e-03,-2.80e-03,
396,-8.80e-04,-1.80e-03,-2.68e-03,
397,-8.80e-04,-1.80e-03,-2.68e-03,
398,-9.60e-04,-1.68e-03,-2.80e-03,
399,-9.60e-04,-1.68e-03,-2.80e-03,
400,-8.80e-04,-1.68e-03,-2.80e-03,
401,-8.80e-04,-1.68e-03,-2.80e-03,
402,-8.80e-04,-1.80e-03,-2.80e-03,
403,-9.60e-04,-1.80e-03,-2.80e-03,
404,-1.00e-03,-1.80e-03,-2.80e-03,
405,-1.00e-03,-1.80e-03,-2.80e-03,
406,-9.60e-04,-1.76e-03,-2.80e-03,
407,-9.60e-04,-1.76e-03,-2.80e-03,
408,-9.60e-04,-1.76e-03,-2.80e-03,
409,-9.60e-04,-1.76e-03,-2.80e-03,
410,-8.40e-04,-1.80e-03,-2.68e-03,
411,-8.80e-04,-1.76e-03,-2.68e-03,
412,-8.80e-04,-1.80e-03,-2.72e-03,
413,-8.80e-04,-1.80e-03,-2.72e-03,
414,-1.00e-03,-1.80e-03,-2.84e-03,
415,-1.00e-03,-1.80e-03,-2.84e-03,
416,-9.60e-04,-1.80e-03,-2.84e-03,
417,-9.60e-04,-1.80e-03,-2.84e-03,
418,-9.60e-04,-1.76e-03,-2.84e-03,
419,-1.00e-03,-1.88e-03,-2.80e-03,
420,-8.80e-04,-1.80e-03,-2.80e-03,
421,-8.80e-04,-1.80e-03,-2.80e-03,
422,-9.60e-04,-1.80e-03,-2.84e-03,
423,-9.60e-04,-1.80e-03,-2.84e-03,
424,-9.60e-04,-1.80e-03,-2.80e-03,
425,-9.60e-04,-1.80e-03,-2.80e-03,
426,-9.60e-04,-1.76e-03,-2.72e-03,
427,-9.60e-04,-1.80e-03,-2.80e-03,
428,-9.60e-04,-1.88e-03,-2.84e-03,
429,-9.60e-04,-1.88e-03,-2.84e-03,
430,-1.00e-03,-1.80e-03,-2.80e-03,
431,-1.00e-03,-1.80e-03,-2.80e-03,
432,-1.00e-03,-1.80e-03,-2.80e-03,
433,-1.00e-03,-1.80e-03,-2.80e-03,
434,-9.60e-04,-1.80e-03,-2.80e-03,
435,-1.00e-03,-1.80e-03,-2.80e-03,
436,-9.60e-04,-1.80e-03,-2.80e-03,
437,-9.60e-04,-1.80e-03,-2.80e-03,
438,-1.00e-03,-1.80e-03,-2.92e-03,
439,-1.00e-03,-1.80e-03,-2.92e-03,
440,-1.00e-03,-1.80e-03,-2.84e-03,
441,-1.00e-03,-1.80e-03,-2.84e-03,
442,-1.08e-03,-1.88e-03,-2.84e-03,
443,-1.00e-03,-1.80e-03,-2.84e-03,
444,-1.00e-03,-1.88e-03,-2.84e-03,
445,-1.00e-03,-1.88e-03,-2.84e-03,
446,-1.00e-03,-1.80e-03,-2.92e-03,
447,-1.00e-03,-1.80e-03,-2.92e-03,
448,-9.60e-04,-1.76e-03,-2.92e-03,
449,-9.60e-04,-1.76e-03,-2.92e-03,
450,-1.00e-03,-1.88e-03,-2.92e-03,
451,-1.00e-03,-1.80e-03,-2.84e-03,
452,-1.00e-03,-1.80e-03,-2.80e-03,
453,-1.00e-03,-1.80e-03,-2.80e-03,
454,-9.60e-04,-1.88e-03,-2.84e-03,
455,-9.60e-04,-1.88e-03,-2.84e-03,
456,-1.00e-03,-1.88e-03,-2.84e-03,
457,-1.00e-03,-1.88e-03,-2.84e-03,
458,-1.00e-03,-1.88e-03,-2.80e-03,
459,-1.00e-03,-1.80e-03,-2.92e-03,
460,-1.00e-03,-1.88e-03,-2.84e-03,
461,-1.00e-03,-1.88e-03,-2.84e-03,
462,-1.00e-03,-1.88e-03,-2.92e-03,
463,-1.00e-03,-1.88e-03,-2.92e-03,
464,-1.00e-03,-1.80e-03,-2.92e-03,
465,-1.00e-03,-1.80e-03,-2.92e-03,
466,-1.08e-03,-1.88e-03,-2.80e-03,
467,-1.00e-03,-1.88e-03,-2.84e-03,
468,-1.00e-03,-1.92e-03,-2.92e-03,
469,-1.00e-03,-1.92e-03,-2.92e-03,
470,-9.60e-04,-1.76e-03,-2.84e-03,
471,-9.60e-04,-1.76e-03,-2.84e-03,
472,-1.00e-03,-1.88e-03,-2.84e-03,
473,-1.00e-03,-1.88e-03,-2.84e-03,
474,-1.00e-03,-1.80e-03,-2.80e-03,
475,-1.08e-03,-1.88e-03,-2.92e-03,
476,-1.00e-03,-1.80e-03,-2.96e-03,
477,-1.00e-03,-1.80e-03,-2.96e-03,
478,-9.60e-04,-1.88e-03,-2.96e-03,
479,-9.60e-04,-1.88e-03,-2.96e-03,
480,-1.00e-03,-1.80e-03,-2.84e-03,
481,-1.00e-03,-1.80e-03,-2.84e-03,
482,-1.00e-03,-1.80e-03,-2.84e-03,
483,-1.08e-03,-1.76e-03,-2.84e-03,
484,-8.80e-04,-1.80e-03,-2.72e-03,
485,-8.80e-04,-1.80e-03,-2.72e-03,
486,-1.00e-03,-1.80e-03,-2.92e-03,
487,-1.00e-03,-1.80e-03,-2.92e-03,
488,-1.00e-03,-1.80e-03,-2.92e-03,
489,-1.00e-03,-1.80e-03,-2.92e-03,
490,-9.60e-04,-1.80e-03,-2.84e-03,
491,-1.12e-03,-1.92e-03,-2.92e-03,
492,-1.00e-03,-1.88e-03,-2.92e-03,
493,-1.00e-03,-1.88e-03,-2.92e-03,
494,-9.60e-04,-1.80e-03,-2.84e-03,
495,-9.60e-04,-1.80e-03,-2.84e-03,
496,-1.00e-03,-1.80e-03,-2.84e-03,
497,-1.00e-03,-1.80e-03,-2.84e-03,
498,-1.08e-03,-1.88e-03,-2.84e-03,
499,-1.00e-03,-1.80e-03,-2.80e-03,
500,-9.60e-04,-1.92e-03,-2.72e-03,
501,-9.60e-04,-1.92e-03,-2.72e-03,
502,-1.00e-03,-1.80e-03,-2.80e-03,
503,-1.00e-03,-1.80e-03,-2.80e-03,
504,-1.12e-03,-1.88e-03,-2.92e-03,
505,-1.12e-03,-1.88e-03,-2.92e-03,
506,-1.00e-03,-1.80e-03,-2.84e-03,
507,-1.00e-03,-1.80e-03,-2.84e-03,
508,-1.12e-03,-1.92e-03,-3.00e-03,
509,-1.12e-03,-1.92e-03,-3.00e-03,
510,-1.00e-03,-1.88e-03,-2.84e-03,
511,-1.00e-03,-1.88e-03,-2.84e-03,
512,-1.00e-03,-1.88e-03,-2.84e-03,
513,-1.00e-03,-1.88e-03,-2.84e-03,
514,-9.60e-04,-1.88e-03,-2.84e-03,
515,-1.00e-03,-1.80e-03,-2.84e-03,
516,-1.00e-03,-1.76e-03,-2.84e-03,
517,-1.00e-03,-1.76e-03,-2.84e-03,
518,-1.08e-03,-1.88e-03,-2.80e-03,
519,-1.08e-03,-1.88e-03,-2.80e-03,
520,-9.60e-04,-1.80e-03,-2.64e-03,
521,-9.60e-04,-1.80e-03,-2.64e-03,
522,-1.08e-03,-1.88e-03,-2.72e-03,
523,-1.00e-03,-1.88e-03,-3.00e-03,
524,-1.00e-03,-1.76e-03,-2.84e-03,
525,-1.00e-03,-1.76e-03,-2.84e-03,
526,-1.08e-03,-1.80e-03,-2.92e-03,
527,-1.08e-03,-1.80e-03,-2.92e-03,
528,-9.60e-04,-1.76e-03,-2.92e-03,
529,-9.60e-04,-1.76e-03,-2.92e-03,
530,-1.12e-03,-1.80e-03,-3.00e-03,
531,-1.12e-03,-1.88e-03,-2.84e-03,
532,-1.12e-03,-1.88e-03,-2.96e-03,
533,-1.12e-03,-1.88e-03,-2.96e-03,
534,-1.00e-03,-1.88e-03,-2.96e-03,
535,-1.00e-03,-1.88e-03,-2.96e-03,
536,-1.00e-03,-1.88e-03,-2.92e-03,
537,-1.00e-03,-1.88e-03,-2.92e-03,
538,-1.00e-03,-1.88e-03,-2.96e-03,
539,-1.12e-03,-1.80e-03,-2.84e-03,
540,-1.16e-03,-1.88e-03,-3.00e-03,
541,-1.16e-03,-1.88e-03,-3.00e-03,
542,-1.08e-03,-1.88e-03,-2.92e-03,
543,-1.08e-03,-1.88e-03,-2.92e-03,
544,-1.08e-03,-1.88e-03,-2.92e-03,
545,-1.08e-03,-1.88e-03,-2.92e-03,
546,-1.00e-03,-1.88e-03,-2.92e-03,
547,-1.08e-03,-1.88e-03,-2.96e-03,
548,-1.12e-03,-1.92e-03,-2.96e-03,
549,-1.12e-03,-1.92e-03,-2.96e-03,
550,-1.08e-03,-1.88e-03,-2.84e-03,
551,-1.08e-03,-1.88e-03,-2.84e-03,
552,-1.12e-03,-1.88e-03,-3.00e-03,
553,-1.12e-03,-1.88e-03,-3.00e-03,
554,-1.00e-03,-1.80e-03,-2.84e-03,
555,-1.12e-03,-1.88e-03,-3.00e-03,
556,-1.08e-03,-1.88e-03,-2.92e-03,
557,-1.08e-03,-1.88e-03,-2.92e-03,
558,-1.24e-03,-1.96e-03,-3.00e-03,
559,-1.24e-03,-1.96e-03,-3.00e-03,
560,-8.40e-04,-1.76e-03,-2.72e-03,
561,-8.40e-04,-1.76e-03,-2.72e-03,
562,-1.16e-03,-1.96e-03,-2.96e-03,
563,-1.00e-03,-1.88e-03,-2.96e-03,
564,-1.08e-03,-1.92e-03,-2.92e-03,
565,-1.08e-03,-1.92e-03,-2.92e-03,
566,-1.00e-03,-1.88e-03,-2.92e-03,
567,-1.00e-03,-1.88e-03,-2.92e-03,
568,-1.00e-03,-1.80e-03,-2.92e-03,
569,-1.00e-03,-1.80e-03,-2.92e-03,
570,-1.12e-03,-1.92e-03,-2.96e-03,
571,-1.08e-03,-1.88e-03,-2.96e-03,
572,-1.00e-03,-1.88e-03,-2.84e-03,
573,-1.00e-03,-1.88e-03,-2.84e-03,
574,-1.08e-03,-1.88e-03,-2.92e-03,
575,-1.08e-03,-1.88e-03,-2.92e-03,
576,-1.00e-03,-1.96e-03,-2.96e-03,
577,-1.00e-03,-1.96e-03,-2.96e-03,
578,-1.08e-03,-1.92e-03,-2.92e-03,
579,-1.08e-03,-1.76e-03,-2.92e-03,
580,-1.12e-03,-1.88e-03,-2.92e-03,
581,-1.12e-03,-1.88e-03,-2.92e-03,
582,-1.08e-03,-1.88e-03,-2.92e-03,
583,-1.08e-03,-1.88e-03,-2.92e-03,
584,-1.08e-03,-1.88e-03,-2.96e-03,
585,-1.08e-03,-1.88e-03,-2.96e-03,
586,-1.00e-03,-1.88e-03,-2.84e-03,
587,-1.12e-03,-1.88e-03,-2.96e-03,
588,-1.08e-03,-1.92e-03,-2.96e-03,
589,-1.08e-03,-1.92e-03,-2.96e-03,
590,-1.08e-03,-1.92e-03,-2.96e-03,
591,-1.08e-03,-1.92e-03,-2.96e-03,
592,-1.12e-03,-1.92e-03,-2.96e-03,
593,-1.12e-03,-1.92e-03,-2.96e-03,
594,-1.08e-03,-1.96e-03,-2.84e-03,
595,-1.12e-03,-1.88e-03,-2.96e-03,
596,-1.08e-03,-1.80e-03,-2.84e-03,
597,-1.08e-03,-1.80e-03,-2.84e-03,
598,-1.08e-03,-1.88e-03,-2.92e-03,
599,-1.08e-03,-1.88e-03,-2.92e-03,
600,-1.12e-03,-1.88e-03,-2.84e-03,
601,-1.12e-03,-1.88e-03,-2.84e-03,
602,-1.08e-03,-1.80e-03,-2.92e-03,
603,-1.40e-03,-2.12e-03,-3.00e-03,
604,-1.12e-03,-1.88e-03,-2.92e-03,
605,-1.12e-03,-1.88e-03,-2.92e-03,
606,-9.60e-04,-1.88e-03,-2.84e-03,
607,-9.60e-04,-1.88e-03,-2.84e-03,
608,-1.24e-03,-1.96e-03,-3.08e-03,
609,-1.24e-03,-1.96e-03,-3.08e-03,
610,-7.20e-04,-1.68e-03,-2.64e-03,
611,-1.28e-03,-2.08e-03,-3.12e-03,
612,-8.80e-04,-1.80e-03,-2.68e-03,
613,-8.80e-04,-1.80e-03,-2.68e-03,
614,-1.28e-03,-2.12e-03,-3.12e-03,
615,-1.28e-03,-2.12e-03,-3.12e-03,
616,-8.80e-04,-1.80e-03,-2.84e-03,
617,-8.80e-04,-1.80e-03,-2.84e-03,
618,-1.16e-03,-2.04e-03,-2.96e-03,
619,-1.16e-03,-1.92e-03,-2.92e-03,
620,-1.00e-03,-1.80e-03,-2.80e-03,
621,-1.00e-03,-1.80e-03,-2.80e-03,
622,-1.12e-03,-1.92e-03,-3.00e-03,
623,-1.12e-03,-1.92e-03,-3.00e-03,
624,-1.12e-03,-1.92e-03,-2.84e-03,
625,-1.12e-03,-1.92e-03,-2.84e-03,
626,-1.00e-03,-1.96e-03,-2.92e-03,
627,-1.16e-03,-1.92e-03,-3.00e-03,
628,-1.08e-03,-1.92e-03,-2.92e-03,
629,-1.08e-03,-1.92e-03,-2.92e-03,
630,-1.16e-03,-1.88e-03,-2.96e-03,
631,-1.16e-03,-1.88e-03,-2.96e-03,
632,-9.60e-04,-1.92e-03,-2.96e-03,
633,-9.60e-04,-1.92e-03,-2.96e-03,
634,-1.16e-03,-2.04e-03,-3.00e-03,
635,-9.60e-04,-1.80e-03,-2.84e-03,
636,-1.28e-03,-2.08e-03,-3.08e-03,
637,-1.28e-03,-2.08e-03,-3.08e-03,
638,-9.60e-04,-1.88e-03,-2.84e-03,
639,-9.60e-04,-1.88e-03,-2.84e-03,
640,-1.00e-03,-1.92e-03,-2.84e-03,
641,-1.00e-03,-1.92e-03,-2.84e-03,
642,-1.08e-03,-1.88e-03,-2.92e-03,
643,-1.12e-03,-1.96e-03,-2.96e-03,
644,-1.16e-03,-1.92e-03,-3.08e-03,
645,-1.16e-03,-1.92e-03,-3.08e-03,
646,-1.12e-03,-1.92e-03,-2.96e-03,
647,-1.12e-03,-1.92e-03,-2.96e-03,
648,-1.12e-03,-2.04e-03,-3.00e-03,
649,-1.12e-03,-2.04e-03,-3.00e-03,
650,-1.16e-03,-1.92e-03,-2.96e-03,
651,-1.12e-03,-1.96e-03,-2.96e-03,
652,-1.12e-03,-1.88e-03,-2.96e-03,
653,-1.12e-03,-1.88e-03,-2.96e-03,
654,-1.16e-03,-1.96e-03,-2.96e-03,
655,-1.16e-03,-1.96e-03,-2.96e-03,
656,-1.16e-03,-1.88e-03,-2.96e-03,
657,-1.16e-03,-1.88e-03,-2.96e-03,
658,-1.12e-03,-1.96e-03,-3.00e-03,
659,-1.16e-03,-1.96e-03,-2.96e-03,
660,-1.12e-03,-1.96e-03,-2.96e-03,
661,-1.12e-03,-1.96e-03,-2.96e-03,
662,-1.12e-03,-1.96e-03,-3.00e-03,
663,-1.12e-03,-1.96e-03,-3.00e-03,
664,-1.12e-03,-1.96e-03,-2.96e-03,
665,-1.12e-03,-1.96e-03,-2.96e-03,
666,-1.16e-03,-1.96e-03,-3.00e-03,
667,-1.12e-03,-1.96e-03,-2.96e-03,
668,-1.12e-03,-1.96e-03,-2.92e-03,
669,-1.12e-03,-1.96e-03,-2.92e-03,
670,-1.08e-03,-1.92e-03,-3.00e-03,
671,-1.08e-03,-1.92e-03,-3.00e-03,
672,-1.16e-03,-1.96e-03,-2.96e-03,
673,-1.16e-03,-1.96e-03,-2.96e-03,
674,-1.12e-03,-1.96e-03,-2.92e-03,
675,-1.08e-03,-1.96e-03,-3.00e-03,
676,-1.08e-03,-1.92e-03,-2.96e-03,
677,-1.08e-03,-1.92e-03,-2.96e-03,
678,-1.16e-03,-1.96e-03,-2.96e-03,
679,-1.16e-03,-1.96e-03,-2.96e-03,
680,-1.12e-03,-1.96e-03,-2.92e-03,
681,-1.12e-03,-1.96e-03,-2.92e-03,
682,-1.12e-03,-1.96e-03,-2.92e-03,
683,-1.16e-03,-1.96e-03,-3.08e-03,
684,-1.12e-03,-1.88e-03,-3.00e-03,
685,-1.12e-03,-1.88e-03,-3.00e-03,
686,-1.16e-03,-1.96e-03,-3.00e-03,
687,-1.16e-03,-1.96e-03,-3.00e-03,
688,-1.16e-03,-1.96e-03,-2.92e-03,
689,-1.16e-03,-1.96e-03,-2.92e-03,
690,-1.16e-03,-1.92e-03,-2.96e-03,
691,-1.16e-03,-1.96e-03,-3.00e-03,
692,-1.16e-03,-1.96e-03,-2.96e-03,
693,-1.16e-03,-1.96e-03,-2.96e-03,
694,-1.16e-03,-1.96e-03,-3.00e-03,
695,-1.16e-03,-1.96e-03,-3.00e-03,
696,-1.12e-03,-1.96e-03,-2.96e-03,
697,-1.12e-03,-1.96e-03,-2.96e-03,
698,-1.12e-03,-1.96e-03,-3.00e-03,
699,-1.16e-03,-1.88e-03,-3.08e-03,
700,-1.16e-03,-1.96e-03,-3.00e-03,
701,-1.16e-03,-1.96e-03,-3.00e-03,
702,-1.16e-03,-1.92e-03,-2.96e-03,
703,-1.16e-03,-1.92e-03,-2.96e-03,
704,-1.12e-03,-1.92e-03,-3.00e-03,
705,-1.12e-03,-1.92e-03,-3.00e-03,
706,-1.16e-03,-1.92e-03,-2.96e-03,
707,-1.12e-03,-1.88e-03,-2.96e-03,
708,-1.16e-03,-1.92e-03,-2.96e-03,
709,-1.16e-03,-1.92e-03,-2.96e-03,
710,-1.16e-03,-1.96e-03,-3.00e-03,
711,-1.16e-03,-1.96e-03,-3.00e-03,
712,-1.16e-03,-1.88e-03,-2.92e-03,
713,-1.16e-03,-1.88e-03,-2.92e-03,
714,-1.16e-03,-2.04e-03,-2.96e-03,
715,-1.16e-03,-1.96e-03,-2.96e-03,
716,-1.24e-03,-1.92e-03,-2.96e-03,
717,-1.24e-03,-1.92e-03,-2.96e-03,
718,-1.16e-03,-1.92e-03,-3.00e-03,
719,-1.16e-03,-1.92e-03,-3.00e-03,
720,-1.16e-03,-1.88e-03,-2.96e-03,
721,-1.16e-03,-1.88e-03,-2.96e-03,
722,-1.16e-03,-1.92e-03,-3.00e-03,
723,-1.16e-03,-1.92e-03,-2.96e-03,
724,-1.16e-03,-1.92e-03,-3.00e-03,
725,-1.16e-03,-1.92e-03,-3.00e-03,
726,-1.08e-03,-1.96e-03,-2.96e-03,
727,-1.08e-03,-1.96e-03,-2.96e-03,
728,-1.16e-03,-1.96e-03,-2.96e-03,
729,-1.16e-03,-1.96e-03,-2.96e-03,
730,-1.12e-03,-1.92e-03,-2.96e-03,
731,-1.16e-03,-1.96e-03,-2.96e-03,
732,-1.16e-03,-1.96e-03,-2.96e-03,
733,-1.16e-03,-1.96e-03,-2.96e-03,
734,-1.16e-03,-1.96e-03,-2.96e-03,
735,-1.16e-03,-1.96e-03,-2.96e-03,
736,-1.28e-03,-1.96e-03,-3.00e-03,
737,-1.28e-03,-1.96e-03,-3.00e-03,
738,-1.16e-03,-1.96e-03,-3.00e-03,
739,-1.24e-03,-1.96e-03,-3.00e-03,
740,-1.24e-03,-1.88e-03,-2.96e-03,
741,-1.24e-03,-1.88e-03,-2.96e-03,
742,-1.16e-03,-1.96e-03,-2.96e-03,
743,-1.16e-03,-1.96e-03,-2.96e-03,
744,-1.12e-03,-1.96e-03,-2.96e-03,
745,-1.12e-03,-1.96e-03,-2.96e-03,
746,-1.16e-03,-1.92e-03,-2.96e-03,
747,-1.12e-03,-1.96e-03,-2.96e-03,
748,-1.12e-03,-1.92e-03,-2.96e-03,
749,-1.12e-03,-1.92e-03,-2.96e-03,
750,-1.24e-03,-1.92e-03,-2.96e-03,
751,-1.24e-03,-1.92e-03,-2.96e-03,
752,-1.16e-03,-1.96e-03,-2.96e-03,
753,-1.16e-03,-1.96e-03,-2.96e-03,
754,-1.16e-03,-1.96e-03,-3.00e-03,
755,-1.12e-03,-1.96e-03,-2.96e-03,
756,-1.16e-03,-1.96e-03,-2.96e-03,
757,-1.16e-03,-1.96e-03,-2.96e-03,
758,-1.12e-03,-1.88e-03,-3.00e-03,
759,-1.12e-03,-1.88e-03,-3.00e-03,
760,-1.16e-03,-1.96e-03,-3.00e-03,
761,-1.16e-03,-1.96e-03,-3.00e-03,
762,-1.12e-03,-2.04e-03,-2.96e-03,
763,-1.16e-03,-1.92e-03,-3.00e-03,
764,-1.16e-03,-1.92e-03,-2.96e-03,
765,-1.16e-03,-1.92e-03,-2.96e-03,
766,-1.16e-03,-1.96e-03,-2.96e-03,
767,-1.16e-03,-1.96e-03,-2.96e-03,
768,-1.08e-03,-2.04e-03,-2.96e-03,
769,-1.08e-03,-2.04e-03,-2.96e-03,
770,-1.16e-03,-1.92e-03,-3.00e-03,
771,-1.24e-03,-2.04e-03,-2.96e-03,
772,-1.16e-03,-1.96e-03,-2.96e-03,
773,-1.16e-03,-1.96e-03,-2.96e-03,
774,-1.16e-03,-2.04e-03,-2.92e-03,
775,-1.16e-03,-2.04e-03,-2.92e-03,
776,-1.16e-03,-1.96e-03,-2.96e-03,
777,-1.16e-03,-1.96e-03,-2.96e-03,
778,-1.16e-03,-1.92e-03,-2.96e-03,
779,-1.12e-03,-1.96e-03,-2.84e-03,
780,-1.16e-03,-1.92e-03,-3.00e-03,
781,-1.16e-03,-1.92e-03,-3.00e-03,
782,-1.12e-03,-1.96e-03,-3.00e-03,
783,-1.12e-03,-1.96e-03,-3.00e-03,
784,-1.24e-03,-1.96e-03,-3.00e-03,
785,-1.24e-03,-1.96e-03,-3.00e-03,
786,-1.24e-03,-1.96e-03,-2.96e-03,
787,-1.08e-03,-2.04e-03,-2.96e-03,
788,-1.12e-03,-1.96e-03,-2.96e-03,
789,-1.12e-03,-1.96e-03,-2.96e-03,
790,-1.24e-03,-1.96e-03,-3.00e-03,
791,-1.24e-03,-1.96e-03,-3.00e-03,
792,-1.16e-03,-2.04e-03,-2.96e-03,
793,-1.16e-03,-2.04e-03,-2.96e-03,
794,-1.16e-03,-1.92e-03,-2.96e-03,
795,-1.16e-03,-2.08e-03,-3.00e-03,
796,-1.24e-03,-2.04e-03,-3.00e-03,
797,-1.24e-03,-2.04e-03,-3.00e-03,
798,-1.16e-03,-1.92e-03,-2.84e-03,
799,-1.16e-03,-1.92e-03,-2.84e-03,
800,-1.16e-03,-1.96e-03,-2.96e-03,
801,-1.16e-03,-1.96e-03,-2.96e-03,
802,-1.12e-03,-1.96e-03,-2.96e-03,
803,-1.24e-03,-2.08e-03,-3.08e-03,
804,-1.16e-03,-2.04e-03,-2.96e-03,
805,-1.16e-03,-2.04e-03,-2.96e-03,
806,-1.16e-03,-1.96e-03,-2.96e-03,
807,-1.16e-03,-1.96e-03,-2.96e-03,
808,-1.16e-03,-1.96e-03,-2.96e-03,
809,-1.16e-03,-1.96e-03,-2.96e-03,
810,-1.16e-03,-2.08e-03,-3.00e-03,
811,-1.16e-03,-1.96e-03,-3.00e-03,
812,-1.16e-03,-2.04e-03,-3.00e-03,
813,-1.16e-03,-2.04e-03,-3.00e-03,
814,-1.12e-03,-1.96e-03,-3.08e-03,
815,-1.12e-03,-1.96e-03,-3.08e-03,
816,-1.16e-03,-2.04e-03,-3.00e-03,
817,-1.16e-03,-2.04e-03,-3.00e-03,
818,-1.16e-03,-1.96e-03,-2.96e-03,
819,-1.28e-03,-1.96e-03,-2.96e-03,
820,-1.16e-03,-1.96e-03,-2.96e-03,
821,-1.16e-03,-1.96e-03,-2.96e-03,
822,-1.16e-03,-1.96e-03,-2.96e-03,
823,-1.16e-03,-1.96e-03,-2.96e-03,
824,-1.08e-03,-2.04e-03,-2.96e-03,
825,-1.08e-03,-2.04e-03,-2.96e-03,
826,-1.16e-03,-1.92e-03,-2.96e-03,
827,-1.16e-03,-1.92e-03,-2.96e-03,
828,-1.24e-03,-2.04e-03,-3.00e-03,
829,-1.24e-03,-2.04e-03,-3.00e-03,
830,-1.16e-03,-1.96e-03,-2.96e-03,
831,-1.16e-03,-1.96e-03,-2.96e-03,
832,-1.24e-03,-2.04e-03,-3.00e-03,
833,-1.24e-03,-2.04e-03,-3.00e-03,
834,-1.16e-03,-2.04e-03,-3.00e-03,
835,-1.28e-03,-1.96e-03,-3.00e-03,
836,-1.16e-03,-1.92e-03,-2.96e-03,
837,-1.16e-03,-1.92e-03,-2.96e-03,
838,-1.16e-03,-1.96e-03,-3.08e-03,
839,-1.16e-03,-1.96e-03,-3.08e-03,
840,-1.16e-03,-1.92e-03,-2.92e-03,
841,-1.16e-03,-1.92e-03,-2.92e-03,
842,-1.16e-03,-1.96e-03,-2.92e-03,
843,-1.28e-03,-1.92e-03,-2.96e-03,
844,-1.16e-03,-1.96e-03,-3.00e-03,
845,-1.16e-03,-1.96e-03,-3.00e-03,
846,-1.16e-03,-1.96e-03,-2.96e-03,
847,-1.16e-03,-1.96e-03,-2.96e-03,
848,-1.24e-03,-1.96e-03,-2.96e-03,
849,-1.24e-03,-1.96e-03,-2.96e-03,
850,-1.24e-03,-2.12e-03,-2.96e-03,
851,-1.16e-03,-2.04e-03,-2.96e-03,
852,-1.16e-03,-1.96e-03,-2.96e-03,
853,-1.16e-03,-1.96e-03,-2.96e-03,
854,-1.16e-03,-1.92e-03,-3.08e-03,
855,-1.16e-03,-1.92e-03,-3.08e-03,
856,-1.24e-03,-2.04e-03,-3.08e-03,
857,-1.24e-03,-2.04e-03,-3.08e-03,
858,-1.24e-03,-2.08e-03,-3.00e-03,
859,-1.16e-03,-1.92e-03,-2.96e-03,
860,-1.16e-03,-1.96e-03,-2.96e-03,
861,-1.16e-03,-1.96e-03,-2.96e-03,
862,-1.12e-03,-1.92e-03,-2.96e-03,
863,-1.12e-03,-1.92e-03,-2.96e-03,
864,-1.16e-03,-1.96e-03,-2.96e-03,
865,-1.16e-03,-1.96e-03,-2.96e-03,
866,-1.24e-03,-2.04e-03,-2.96e-03,
867,-1.16e-03,-2.04e-03,-2.96e-03,
868,-1.24e-03,-2.04e-03,-2.96e-03,
869,-1.24e-03,-2.04e-03,-2.96e-03,
870,-1.24e-03,-2.04e-03,-3.00e-03,
871,-1.24e-03,-2.04e-03,-3.00e-03,
872,-1.24e-03,-2.04e-03,-2.96e-03,
873,-1.24e-03,-2.04e-03,-2.96e-03,
874,-1.24e-03,-2.04e-03,-3.00e-03,
875,-1.28e-03,-1.96e-03,-3.00e-03,
876,-1.12e-03,-1.92e-03,-2.96e-03,
877,-1.12e-03,-1.92e-03,-2.96e-03,
878,-1.28e-03,-1.96e-03,-3.08e-03,
879,-1.28e-03,-1.96e-03,-3.08e-03,
880,-1.24e-03,-1.96e-03,-2.96e-03,
881,-1.24e-03,-1.96e-03,-2.96e-03,
882,-1.24e-03,-1.96e-03,-3.08e-03,
883,-1.24e-03,-1.96e-03,-3.00e-03,
884,-1.28e-03,-1.92e-03,-3.08e-03,
885,-1.28e-03,-1.92e-03,-3.08e-03,
886,-1.12e-03,-1.92e-03,-2.92e-03,
887,-1.12e-03,-1.92e-03,-2.92e-03,
888,-1.36e-03,-2.04e-03,-3.00e-03,
889,-1.36e-03,-2.04e-03,-3.00e-03,
890,-1.28e-03,-1.96e-03,-2.96e-03,
891,-1.40e-03,-2.04e-03,-3.12e-03,
892,-1.16e-03,-1.96e-03,-3.00e-03,
893,-1.16e-03,-1.96e-03,-3.00e-03,
894,-1.28e-03,-2.04e-03,-2.96e-03,
895,-1.28e-03,-2.04e-03,-2.96e-03,
896,-1.16e-03,-2.04e-03,-3.00e-03,
897,-1.16e-03,-2.04e-03,-3.00e-03,
898,-1.24e-03,-1.96e-03,-2.96e-03,
899,-1.16e-03,-2.04e-03,-3.00e-03,
900,-1.24e-03,-2.04e-03,-3.08e-03,
901,-1.24e-03,-2.04e-03,-3.08e-03,
902,-1.16e-03,-2.04e-03,-3.00e-03,
903,-1.16e-03,-2.04e-03,-3.00e-03,
904,-1.24e-03,-1.96e-03,-3.00e-03,
905,-1.24e-03,-1.96e-03,-3.00e-03,
906,-1.24e-03,-2.04e-03,-2.96e-03,
907,-1.16e-03,-2.04e-03,-3.00e-03,
908,-1.28e-03,-1.96e-03,-3.00e-03,
909,-1.28e-03,-1.96e-03,-3.00e-03,
910,-1.24e-03,-1.96e-03,-2.96e-03,
911,-1.24e-03,-1.96e-03,-2.96e-03,
912,-1.16e-03,-2.04e-03,-2.96e-03,
913,-1.16e-03,-2.04e-03,-2.96e-03,
914,-1.24e-03,-2.04e-03,-2.96e-03,
915,-1.36e-03,-2.08e-03,-3.00e-03,
916,-1.28e-03,-2.04e-03,-2.96e-03,
917,-1.28e-03,-2.04e-03,-2.96e-03,
918,-1.16e-03,-1.96e-03,-2.96e-03,
919,-1.16e-03,-1.96e-03,-2.96e-03,
920,-1.16e-03,-1.96e-03,-2.96e-03,
921,-1.16e-03,-1.96e-03,-2.96e-03,
922,-1.16e-03,-2.04e-03,-2.96e-03,
923,-1.24e-03,-2.08e-03,-3.08e-03,
924,-1.16e-03,-1.96e-03,-2.96e-03,
925,-1.16e-03,-1.96e-03,-2.96e-03,
926,-1.24e-03,-1.96e-03,-3.00e-03,
927,-1.24e-03,-1.96e-03,-3.00e-03,
928,-1.16e-03,-1.96e-03,-3.00e-03,
929,-1.16e-03,-1.96e-03,-3.00e-03,
930,-1.24e-03,-1.92e-03,-2.96e-03,
931,-1.16e-03,-1.92e-03,-2.96e-03,
932,-1.24e-03,-2.04e-03,-3.00e-03,
933,-1.24e-03,-2.04e-03,-3.00e-03,
934,-1.16e-03,-1.96e-03,-2.96e-03,
935,-1.16e-03,-1.96e-03,-2.96e-03,
936,-1.36e-03,-2.08e-03,-2.96e-03,
937,-1.36e-03,-2.08e-03,-2.96e-03,
938,-1.16e-03,-1.96e-03,-2.92e-03,
939,-1.24e-03,-1.96e-03,-3.00e-03,
940,-1.24e-03,-1.96e-03,-2.92e-03,
941,-1.24e-03,-1.96e-03,-2.92e-03,
942,-1.24e-03,-2.08e-03,-3.12e-03,
943,-1.24e-03,-2.08e-03,-3.12e-03,
944,-1.28e-03,-1.96e-03,-2.84e-03,
945,-1.28e-03,-1.96e-03,-2.84e-03,
946,-1.16e-03,-2.08e-03,-3.08e-03,
947,-1.28e-03,-1.92e-03,-2.92e-03,
948,-1.24e-03,-2.04e-03,-3.08e-03,
949,-1.24e-03,-2.04e-03,-3.08e-03,
950,-1.36e-03,-1.96e-03,-3.08e-03,
951,-1.36e-03,-1.96e-03,-3.08e-03,
952,-1.28e-03,-2.04e-03,-3.00e-03,
953,-1.28e-03,-2.04e-03,-3.00e-03,
954,-1.24e-03,-2.04e-03,-3.00e-03,
955,-1.28e-03,-2.08e-03,-3.00e-03,
956,-1.00e-03,-1.88e-03,-2.84e-03,
957,-1.00e-03,-1.88e-03,-2.84e-03,
958,-1.28e-03,-2.08e-03,-3.00e-03,
959,-1.28e-03,-2.08e-03,-3.00e-03,
960,-1.24e-03,-2.04e-03,-2.96e-03,
961,-1.24e-03,-2.04e-03,-2.96e-03,
962,-1.36e-03,-1.96e-03,-2.96e-03,
963,-1.12e-03,-1.96e-03,-3.00e-03,
964,-1.40e-03,-2.08e-03,-3.00e-03,
965,-1.40e-03,-2.08e-03,-3.00e-03,
966,-1.16e-03,-1.96e-03,-2.96e-03,
967,-1.16e-03,-1.96e-03,-2.96e-03,
968,-1.40e-03,-2.08e-03,-3.08e-03,
969,-1.40e-03,-2.08e-03,-3.08e-03,
970,-1.16e-03,-1.92e-03,-2.92e-03,
971,-1.28e-03,-2.04e-03,-3.08e-03,
972,-1.28e-03,-2.04e-03,-2.96e-03,
973,-1.28e-03,-2.04e-03,-2.96e-03,
974,-1.24e-03,-2.04e-03,-2.96e-03,
975,-1.24e-03,-2.04e-03,-2.96e-03,
976,-1.28e-03,-1.96e-03,-3.00e-03,
977,-1.28e-03,-1.96e-03,-3.00e-03,
978,-1.16e-03,-2.04e-03,-2.96e-03,
979,-1.28e-03,-2.08e-03,-2.96e-03,
980,-1.16e-03,-2.04e-03,-2.92e-03,
981,-1.16e-03,-2.04e-03,-2.92e-03,
982,-1.16e-03,-2.04e-03,-2.92e-03,
983,-1.16e-03,-2.04e-03,-2.92e-03,
984,-1.24e-03,-1.96e-03,-2.96e-03,
985,-1.24e-03,-1.96e-03,-2.96e-03,
986,-1.28e-03,-2.04e-03,-2.96e-03,
987,-1.28e-03,-2.04e-03,-2.92e-03,
988,-1.24e-03,-1.96e-03,-2.96e-03,
989,-1.24e-03,-1.96e-03,-2.96e-03,
990,-1.16e-03,-1.96e-03,-2.96e-03,
991,-1.16e-03,-1.96e-03,-2.96e-03,
992,-1.16e-03,-1.88e-03,-2.96e-03,
993,-1.16e-03,-1.88e-03,-2.96e-03,
994,-1.16e-03,-1.92e-03,-2.96e-03,
995,-1.16e-03,-1.92e-03,-2.96e-03,
996,-1.24e-03,-1.92e-03,-2.96e-03,
997,-1.24e-03,-1.92e-03,-2.96e-03,
998,-1.28e-03,-1.96e-03,-2.96e-03,
999,-1.28e-03,-1.96e-03,-2.96e-03,
1000,-1.16e-03,-1.96e-03,-2.92e-03,
1001,-1.16e-03,-1.96e-03,-2.92e-03,
1002,-1.28e-03,-2.08e-03,-2.96e-03,
1003,-1.16e-03,-1.96e-03,-2.96e-03,
1004,-1.36e-03,-2.04e-03,-2.96e-03,
1005,-1.36e-03,-2.04e-03,-2.96e-03,
1006,-1.16e-03,-1.92e-03,-2.96e-03,
1007,-1.16e-03,-1.92e-03,-2.96e-03,
1008,-1.28e-03,-1.96e-03,-2.84e-03,
1009,-1.28e-03,-1.96e-03,-2.84e-03,
1010,-1.24e-03,-1.96e-03,-2.96e-03,
1011,-1.24e-03,-1.92e-03,-3.08e-03,
1012,-1.36e-03,-1.92e-03,-2.96e-03,
1013,-1.36e-03,-1.92e-03,-2.96e-03,
1014,-1.28e-03,-1.92e-03,-2.92e-03,
1015,-1.28e-03,-1.92e-03,-2.92e-03,
1016,-1.28e-03,-1.96e-03,-3.00e-03,
1017,-1.28e-03,-1.96e-03,-3.00e-03,
1018,-1.16e-03,-1.96e-03,-2.92e-03,
1019,-1.24e-03,-1.92e-03,-2.92e-03,
1020,-1.16e-03,-1.96e-03,-2.92e-03,
1021,-1.16e-03,-1.96e-03,-2.92e-03,
1022,-1.16e-03,-1.96e-03,-2.96e-03,
1023,-1.16e-03,-1.96e-03,-2.96e-03,
1024,-1.28e-03,-1.96e-03,-2.96e-03,
1025,-1.28e-03,-1.96e-03,-2.96e-03,
1026,-1.24e-03,-1.96e-03,-2.84e-03,
1027,-1.24e-03,-1.96e-03,-2.96e-03,
1028,-1.24e-03,-1.92e-03,-2.96e-03,
1029,-1.24e-03,-1.92e-03,-2.96e-03,
1030,-1.16e-03,-1.96e-03,-2.96e-03,
1031,-1.16e-03,-1.96e-03,-2.96e-03,
1032,-1.24e-03,-1.92e-03,-2.84e-03,
1033,-1.24e-03,-1.92e-03,-2.84e-03,
1034,-1.16e-03,-1.96e-03,-2.92e-03,
1035,-1.24e-03,-1.96e-03,-2.92e-03,
1036,-1.16e-03,-1.96e-03,-2.96e-03,
1037,-1.16e-03,-1.96e-03,-2.96e-03,
1038,-1.28e-03,-1.96e-03,-2.96e-03,
1039,-1.28e-03,-1.96e-03,-2.96e-03,
1040,-1.24e-03,-1.96e-03,-2.96e-03,
1041,-1.24e-03,-1.96e-03,-2.96e-03,
1042,-1.28e-03,-1.96e-03,-2.96e-03,
1043,-1.24e-03,-1.96e-03,-2.84e-03,
1044,-1.28e-03,-1.92e-03,-2.84e-03,
1045,-1.28e-03,-1.92e-03,-2.84e-03,
1046,-1.16e-03,-1.96e-03,-2.96e-03,
1047,-1.16e-03,-1.96e-03,-2.96e-03,
1048,-1.24e-03,-1.92e-03,-2.96e-03,
1049,-1.24e-03,-1.92e-03,-2.96e-03,
1050,-1.24e-03,-1.92e-03,-2.96e-03,
1051,-1.24e-03,-1.96e-03,-2.96e-03,
1052,-1.28e-03,-1.96e-03,-2.92e-03,
1053,-1.28e-03,-1.96e-03,-2.92e-03,
1054,-1.16e-03,-1.92e-03,-2.96e-03,
1055,-1.16e-03,-1.92e-03,-2.96e-03,
1056,-1.16e-03,-1.92e-03,-2.92e-03,
1057,-1.16e-03,-1.92e-03,-2.92e-03,
1058,-1.16e-03,-1.92e-03,-2.92e-03,
1059,-1.24e-03,-1.92e-03,-2.92e-03,
1060,-1.24e-03,-1.96e-03,-2.96e-03,
1061,-1.24e-03,-1.96e-03,-2.96e-03,
1062,-1.24e-03,-1.96e-03,-2.96e-03,
1063,-1.24e-03,-1.96e-03,-2.96e-03,
1064,-1.16e-03,-1.92e-03,-2.84e-03,
1065,-1.16e-03,-1.92e-03,-2.84e-03,
1066,-1.16e-03,-1.92e-03,-2.84e-03,
1067,-1.16e-03,-1.92e-03,-2.92e-03,
1068,-1.16e-03,-1.88e-03,-2.96e-03,
1069,-1.16e-03,-1.88e-03,-2.96e-03,
1070,-1.16e-03,-1.96e-03,-2.96e-03,
1071,-1.16e-03,-1.96e-03,-2.96e-03,
1072,-1.16e-03,-1.92e-03,-2.84e-03,
1073,-1.16e-03,-1.92e-03,-2.84e-03,
1074,-1.24e-03,-1.96e-03,-2.92e-03,
1075,-1.16e-03,-1.96e-03,-2.92e-03,
1076,-1.24e-03,-1.96e-03,-2.92e-03,
1077,-1.24e-03,-1.96e-03,-2.92e-03,
1078,-1.16e-03,-1.88e-03,-2.92e-03,
1079,-1.16e-03,-1.88e-03,-2.92e-03,
1080,-1.24e-03,-1.96e-03,-2.84e-03,
1081,-1.24e-03,-1.96e-03,-2.84e-03,
1082,-1.16e-03,-1.92e-03,-2.92e-03,
1083,-1.16e-03,-1.96e-03,-2.92e-03,
1084,-1.16e-03,-1.92e-03,-2.92e-03,
1085,-1.16e-03,-1.92e-03,-2.92e-03,
1086,-1.28e-03,-1.96e-03,-2.84e-03,
1087,-1.28e-03,-1.96e-03,-2.84e-03,
1088,-1.16e-03,-1.88e-03,-2.84e-03,
1089,-1.16e-03,-1.88e-03,-2.84e-03,
1090,-1.24e-03,-1.96e-03,-2.92e-03,
1091,-1.16e-03,-1.96e-03,-2.92e-03,
1092,-1.16e-03,-1.92e-03,-2.84e-03,
1093,-1.16e-03,-1.92e-03,-2.84e-03,
1094,-1.16e-03,-1.92e-03,-2.96e-03,
1095,-1.16e-03,-1.92e-03,-2.96e-03,
1096,-1.16e-03,-1.96e-03,-2.84e-03,
1097,-1.16e-03,-1.96e-03,-2.84e-03,
1098,-1.16e-03,-1.96e-03,-2.84e-03,
1099,-1.16e-03,-1.88e-03,-2.92e-03,
1100,-1.16e-03,-1.96e-03,-2.84e-03,
1101,-1.16e-03,-1.96e-03,-2.84e-03,
1102,-1.24e-03,-1.92e-03,-2.92e-03,
1103,-1.24e-03,-1.92e-03,-2.92e-03,
1104,-1.16e-03,-1.92e-03,-2.84e-03,
1105,-1.16e-03,-1.92e-03,-2.84e-03,
1106,-1.16e-03,-1.96e-03,-2.84e-03,
1107,-1.16e-03,-1.92e-03,-2.80e-03,
1108,-1.24e-03,-1.96e-03,-2.84e-03,
1109,-1.24e-03,-1.96e-03,-2.84e-03,
1110,-1.24e-03,-1.88e-03,-2.84e-03,
1111,-1.24e-03,-1.88e-03,-2.84e-03,
1112,-1.24e-03,-1.92e-03,-2.84e-03,
1113,-1.24e-03,-1.92e-03,-2.84e-03,
1114,-1.16e-03,-1.92e-03,-2.84e-03,
1115,-1.24e-03,-1.96e-03,-2.96e-03,
1116,-1.24e-03,-1.88e-03,-2.84e-03,
1117,-1.24e-03,-1.88e-03,-2.84e-03,
1118,-1.24e-03,-1.92e-03,-2.84e-03,
1119,-1.24e-03,-1.92e-03,-2.84e-03,
1120,-1.24e-03,-1.88e-03,-2.84e-03,
1121,-1.24e-03,-1.88e-03,-2.84e-03,
1122,-1.28e-03,-1.96e-03,-2.92e-03,
1123,-1.08e-03,-1.96e-03,-2.92e-03,
1124,-1.16e-03,-1.92e-03,-2.84e-03,
1125,-1.16e-03,-1.92e-03,-2.84e-03,
1126,-1.12e-03,-1.96e-03,-2.80e-03,
1127,-1.12e-03,-1.96e-03,-2.80e-03,
1128,-1.36e-03,-1.96e-03,-2.96e-03,
1129,-1.36e-03,-1.96e-03,-2.96e-03,
1130,-1.24e-03,-1.96e-03,-2.84e-03,
1131,-1.28e-03,-1.88e-03,-2.92e-03,
1132,-1.24e-03,-1.96e-03,-2.84e-03,
1133,-1.24e-03,-1.96e-03,-2.84e-03,
1134,-1.24e-03,-1.92e-03,-2.84e-03,
1135,-1.24e-03,-1.92e-03,-2.84e-03,
1136,-1.16e-03,-1.96e-03,-2.84e-03,
1137,-1.16e-03,-1.96e-03,-2.84e-03,
1138,-1.24e-03,-1.92e-03,-2.84e-03,
1139,-1.16e-03,-1.88e-03,-2.84e-03,
1140,-1.24e-03,-1.96e-03,-2.80e-03,
1141,-1.24e-03,-1.96e-03,-2.80e-03,
1142,-1.24e-03,-1.88e-03,-2.84e-03,
1143,-1.24e-03,-1.88e-03,-2.84e-03,
1144,-1.24e-03,-1.88e-03,-2.84e-03,
1145,-1.24e-03,-1.88e-03,-2.84e-03,
1146,-1.24e-03,-1.92e-03,-2.84e-03,
1147,-1.16e-03,-1.88e-03,-2.84e-03,
1148,-1.28e-03,-1.96e-03,-2.84e-03,
1149,-1.28e-03,-1.96e-03,-2.84e-03,
1150,-1.24e-03,-1.96e-03,-2.84e-03,
1151,-1.24e-03,-1.96e-03,-2.84e-03,
1152,-1.16e-03,-1.92e-03,-2.84e-03,
1153,-1.16e-03,-1.92e-03,-2.84e-03,
1154,-1.16e-03,-2.04e-03,-2.92e-03,
1155,-1.24e-03,-1.96e-03,-2.84e-03,
1156,-1.16e-03,-1.88e-03,-2.80e-03,
1157,-1.16e-03,-1.88e-03,-2.80e-03,
1158,-1.16e-03,-1.96e-03,-2.92e-03,
1159,-1.16e-03,-1.96e-03,-2.92e-03,
1160,-1.16e-03,-1.92e-03,-2.92e-03,
1161,-1.16e-03,-1.92e-03,-2.92e-03,
1162,-1.28e-03,-1.96e-03,-2.84e-03,
1163,-1.16e-03,-1.96e-03,-2.84e-03,
1164,-1.24e-03,-1.96e-03,-2.80e-03,
1165,-1.24e-03,-1.96e-03,-2.80e-03,
1166,-1.16e-03,-1.92e-03,-2.84e-03,
1167,-1.16e-03,-1.92e-03,-2.84e-03,
1168,-1.16e-03,-1.92e-03,-2.84e-03,
1169,-1.16e-03,-1.92e-03,-2.84e-03,
1170,-1.16e-03,-1.92e-03,-2.84e-03,
1171,-1.24e-03,-1.88e-03,-2.84e-03,
1172,-1.24e-03,-1.88e-03,-2.84e-03,
1173,-1.24e-03,-1.88e-03,-2.84e-03,
1174,-1.28e-03,-1.88e-03,-2.92e-03,
1175,-1.28e-03,-1.88e-03,-2.92e-03,
1176,-1.24e-03,-1.96e-03,-2.92e-03,
1177,-1.24e-03,-1.96e-03,-2.92e-03,
1178,-1.16e-03,-1.96e-03,-2.92e-03,
1179,-1.16e-03,-1.92e-03,-2.72e-03,
1180,-1.16e-03,-1.92e-03,-2.72e-03,
1181,-1.16e-03,-1.92e-03,-2.72e-03,
1182,-1.16e-03,-1.96e-03,-2.92e-03,
1183,-1.16e-03,-1.96e-03,-2.92e-03,
1184,-1.16e-03,-1.88e-03,-2.72e-03,
1185,-1.16e-03,-1.88e-03,-2.72e-03,
1186,-1.16e-03,-1.96e-03,-2.80e-03,
1187,-1.16e-03,-1.88e-03,-2.84e-03,
1188,-1.16e-03,-1.88e-03,-2.92e-03,
1189,-1.16e-03,-1.88e-03,-2.92e-03,
1190,-1.28e-03,-1.96e-03,-2.72e-03,
1191,-1.28e-03,-1.96e-03,-2.72e-03,
1192,-1.12e-03,-1.92e-03,-2.84e-03,
1193,-1.12e-03,-1.92e-03,-2.84e-03,
1194,-1.16e-03,-1.92e-03,-2.84e-03,
1195,-1.24e-03,-1.88e-03,-2.84e-03,
1196,-1.24e-03,-1.92e-03,-2.80e-03,
1197,-1.24e-03,-1.92e-03,-2.80e-03,
1198,-1.16e-03,-1.92e-03,-2.92e-03,
1199,-1.16e-03,-1.92e-03,-2.92e-03,
